Cell,Raw reads,Clean reads,Aligned reads,Mapping rate,Gene number,Transcript number,Cluster
OA1_S0.1,416545,414813,43110,10.40%,828,2387,
OA1_S0.2,287187,285999,46148,16.10%,1054,2184,
OA1_S0.3,520087,510316,25563,5.00%,1069,2366,
OA1_S0.4,202424,199854,22507,11.30%,510,1380,
OA1_S0.5,199683,198470,13615,6.90%,460,774,
OA1_S0.6,106750,105811,4823,4.60%,341,517,
OA1_S0.7,324222,319952,15854,5.00%,755,1479,
OA1_S0.8,211146,209143,21027,10.10%,664,1048,
OA1_S0.9,151655,151331,25531,16.90%,596,1312,
OA1_S0.10,320916,319425,44579,14.00%,773,1899,
OA1_S0.11,136061,133233,28089,21.10%,279,2055,
OA1_S0.12,165799,164536,23544,14.30%,566,972,
OA1_S0.13,440314,424415,30669,7.20%,976,2072,
OA1_S0.14,468277,467114,62033,13.30%,936,2495,
OA1_S0.15,375647,374120,47365,12.70%,1118,2571,
OA1_S0.16,267782,266741,37206,13.90%,870,2013,
OA1_S0.17,320382,311057,48364,15.50%,720,1493,
OA1_S0.18,289885,288836,50845,17.60%,916,1857,
OA1_S0.19,335974,332656,57124,17.20%,885,1996,
OA1_S0.20,219883,217138,10436,4.80%,616,1106,
OA1_S0.21,59285,58565,13079,22.30%,230,357,
OA1_S0.22,229347,228183,74229,32.50%,568,1196,
OA1_S0.23,109175,105203,1656,1.60%,292,396,
OA1_S0.24,304743,304375,32711,10.70%,436,714,
OA1_S0.25,185269,182272,53562,29.40%,462,778,
OA1_S0.26,375393,374454,52342,14.00%,1089,2505,
OA1_S0.27,250159,249649,34886,14.00%,671,1345,
OA1_S0.28,220648,211127,15056,7.10%,610,1185,
OA1_S0.29,285123,284415,42199,14.80%,936,1965,
OA1_S0.30,228659,220572,59705,27.10%,556,1082,
OA1_S0.31,105093,104893,6801,6.50%,423,737,
OA1_S0.32,725143,724728,41988,5.80%,1588,4259,
OA1_S1.1,2082446,2081881,1163674,55.90%,4341,553230,ProC
OA1_S1.2,84217,82277,26548,32.30%,1964,14742,HomC
OA1_S1.3,2775149,2772938,1757743,63.40%,5022,647350,ProC
OA1_S1.4,1570845,1569825,883403,56.30%,3984,348728,ProC
OA1_S1.5,1833101,1832837,1175806,64.20%,2628,171637,ProC
OA1_S1.6,2091517,2090708,1381080,66.10%,3944,561560,ProC
OA1_S1.7,442636,442122,243238,55.00%,3092,121662,ProC
OA1_S1.8,1506751,1505780,790917,52.50%,3124,233733,ProC
OA1_S1.9,1341469,1340722,823750,61.40%,3299,360329,ProC
OA1_S1.10,2911414,2910113,1704362,58.60%,4388,714280,ProC
OA1_S1.11,1524695,1523504,863839,56.70%,3708,338883,ProC
OA1_S1.12,528378,525780,299170,56.90%,3025,140454,HomC
OA1_S1.13,1117520,1116389,601208,53.90%,3199,211054,ProC
OA1_S1.14,312063,310951,150739,48.50%,2999,51427,HTC
OA1_S1.15,772198,771144,382483,49.60%,2538,133409,HTC
OA1_S1.16,1557416,1556532,946307,60.80%,3172,343924,HomC
OA1_S1.17,399349,389600,87048,22.30%,1647,7974,
OA1_S1.18,2713854,2707799,1391315,51.40%,5691,559555,ProC
OA1_S1.19,1107499,1103324,598140,54.20%,4337,271618,ProC
OA1_S1.20,1875920,1869276,830729,44.40%,4432,241476,RegC
OA1_S1.21,300750,296898,124601,42.00%,2419,62879,HTC
OA1_S1.22,693135,690953,327018,47.30%,2586,102145,HTC
OA1_S1.23,1240242,1229931,637133,51.80%,4059,311384,ProC
OA1_S1.24,327067,321495,165586,51.50%,3600,82713,ProC
OA1_S1.25,935760,927109,494824,53.40%,3890,198697,ProC
OA1_S1.26,1829533,1822935,824010,45.20%,5196,328788,ProC
OA1_S1.27,633438,629089,307249,48.80%,3765,112341,ProC
OA1_S1.28,1464097,1460359,659388,45.20%,4014,150114,HomC
OA1_S1.29,2048084,2039740,926747,45.40%,4971,293505,ProC
OA1_S1.30,1666057,1661484,770930,46.40%,4551,211716,ProC
OA1_S1.31,2177775,2164749,1055917,48.80%,4596,230035,HomC
OA1_S1.32,1550339,1547631,891409,57.60%,4487,206678,ProC
OA1_S2.1,1942675,1939744,977282,50.40%,4559,241323,HomC
OA1_S2.2,795828,783955,398408,50.80%,3246,145620,RegC
OA1_S2.3,4211471,4203081,2109419,50.20%,6516,644269,ProC
OA1_S2.4,2255188,2246870,1362490,60.60%,4876,436154,preHTC
OA1_S2.5,1409015,1390453,833591,60.00%,4185,307981,ProC
OA1_S2.6,1523840,1520767,890108,58.50%,3911,152612,ProC
OA1_S2.7,3401795,3397806,2068748,60.90%,5709,547303,ProC
OA1_S2.8,1130122,1125423,641875,57.00%,3642,220318,RegC
OA1_S2.9,316275,311970,98155,31.50%,4463,36422,HomC
OA1_S2.10,1212933,1203189,680526,56.60%,3724,332528,preHTC
OA1_S2.11,1215357,1210484,516921,42.70%,3402,136642,HTC
OA1_S2.12,871614,727556,117548,16.20%,3443,54125,
OA1_S2.13,778849,772887,412180,53.30%,2869,138409,HomC
OA1_S2.14,420233,417230,229673,55.00%,3275,106979,RegC
OA1_S2.15,2001423,1997963,1134456,56.80%,3985,363259,HomC
OA1_S2.16,2428915,2423433,1296135,53.50%,4935,473192,ProC
OA1_S2.17,2214598,2191774,946895,43.20%,5121,281066,ProC
OA1_S2.18,587350,583379,326123,55.90%,3432,180730,ProC
OA1_S2.19,941290,939251,475561,50.60%,3401,222598,ProC
OA1_S2.20,1582021,1578807,900541,57.00%,4087,269505,ProC
OA1_S2.21,393863,391738,194782,49.70%,4076,80028,preHTC
OA1_S2.22,1651559,1648877,844716,51.20%,3762,320651,ProC
OA1_S2.23,1177825,1159226,560735,48.40%,3118,219169,RegC
OA1_S2.24,372712,371327,186269,50.20%,2559,75348,RegC
OA1_S2.25,1131034,1129664,616230,54.50%,2868,200190,HomC
OA1_S2.26,10143,10028,3724,37.10%,128,891,
OA1_S2.27,1356046,1351438,611758,45.30%,3829,210833,HomC
OA1_S2.28,1819029,1802295,871306,48.30%,4185,309080,HTC
OA1_S2.29,421991,416312,174657,42.00%,3615,74541,HomC
OA1_S2.30,2537931,2522178,1453230,57.60%,4683,483189,ProC
OA1_S2.31,1286718,1278198,546246,42.70%,4048,170523,ProC
OA1_S2.32,1818335,1811807,738657,40.80%,4963,360075,ProC
OA1_S3.1,1538154,1535210,754750,49.20%,4391,209968,ProC
OA1_S3.2,1428619,1424875,713269,50.10%,4601,240166,ProC
OA1_S3.3,1205961,1192395,226466,19.00%,2762,8988,
OA1_S3.4,739288,732863,361763,49.40%,4308,181234,ProC
OA1_S3.5,341470,330663,42189,12.80%,2341,19097,
OA1_S3.6,322015,316037,78270,24.80%,3211,38020,
OA1_S3.7,611539,604207,256440,42.40%,4945,134775,ProC
OA1_S3.8,231800,226966,37984,16.70%,2155,18593,
OA1_S3.9,652747,651870,392097,60.10%,2591,148109,HomC
OA1_S3.10,1406011,1404525,997175,71.00%,4211,239367,preHTC
OA1_S3.11,301709,295116,128082,43.40%,3608,66613,ProC
OA1_S3.12,791730,786892,289485,36.80%,3445,81314,HomC
OA1_S3.13,1164752,1100969,221584,20.10%,4252,70529,
OA1_S3.14,846761,842607,399705,47.40%,3803,165530,HomC
OA1_S3.15,1110462,1105211,364943,33.00%,3977,119124,ProC
OA1_S3.16,1228834,1224528,276119,22.50%,2639,10173,
OA1_S3.17,1114323,1093876,470109,43.00%,4014,158228,preHTC
OA1_S3.18,664670,661728,251829,38.10%,2672,61779,preHTC
OA1_S3.19,1349816,1336625,640290,47.90%,4786,185873,preHTC
OA1_S3.20,379160,371555,10431,2.80%,1301,3429,
OA1_S3.21,280143,277792,116225,41.80%,3350,65943,ProC
OA1_S3.22,111414,109360,30944,28.30%,697,1583,
OA1_S3.23,247974,238972,9761,4.10%,1766,5978,
OA1_S3.24,522302,520830,223614,42.90%,3538,81030,ProC
OA1_S3.25,176506,170672,25411,14.90%,817,2052,
OA1_S3.26,1108306,1104020,577621,52.30%,4231,177671,ProC
OA1_S3.27,995111,992881,430875,43.40%,3803,107033,ProC
OA1_S3.28,353589,338779,85292,25.20%,2397,25502,
OA1_S3.29,503154,493980,117928,23.90%,2492,35685,
OA1_S3.30,801977,790270,440182,55.70%,4059,174834,preHTC
OA1_S3.31,173848,173051,69742,40.30%,2926,32714,ProC
OA1_S3.32,1165207,1162444,568564,48.90%,4352,160224,ProC
OA1_S4.1,2600541,2597504,1371579,52.80%,4524,389111,ProC
OA1_S4.2,359127,354716,90608,25.50%,1376,6039,
OA1_S4.3,881389,880007,444084,50.50%,2138,104560,HomC
OA1_S4.4,1370723,1367378,809087,59.20%,3774,314694,ProC
OA1_S4.5,1216317,1207872,696044,57.60%,3951,275334,preHTC
OA1_S4.6,2170201,2167352,1319590,60.90%,4058,333202,HomC
OA1_S4.7,900181,899585,604794,67.20%,2688,180573,FC
OA1_S4.8,1080379,1077881,726292,67.40%,3957,380216,ProC
OA1_S4.9,105043,104108,37133,35.70%,1805,16339,RegC
OA1_S4.10,1027169,1024670,659652,64.40%,2919,321505,RegC
OA1_S4.11,928780,927119,463149,50.00%,2937,144624,HomC
OA1_S4.12,549260,512712,174882,34.10%,2918,76740,ProC
OA1_S4.13,1443519,1441135,831135,57.70%,3477,325831,ProC
OA1_S4.14,413613,412448,211239,51.20%,3675,97038,preHTC
OA1_S4.15,4460203,4456736,2753182,61.80%,6757,1172767,preHTC
OA1_S4.16,1984758,1982801,952277,48.00%,4416,344021,ProC
OA1_S4.17,478654,468403,207517,44.30%,2238,69786,HomC
OA1_S4.18,542573,540904,224331,41.50%,3735,119467,HomC
OA1_S4.19,701092,700225,332418,47.50%,2958,117603,HomC
OA1_S4.20,1828752,1826848,996177,54.50%,3953,325375,HomC
OA1_S4.21,231231,228254,79812,35.00%,2759,35671,HomC
OA1_S4.22,1984476,1982316,937788,47.30%,3975,431597,ProC
OA1_S4.23,1027972,1019840,549952,53.90%,4027,234702,ProC
OA1_S4.24,84720,84033,24996,29.70%,368,3571,
OA1_S4.25,1750316,1749053,1119111,64.00%,3802,602652,preHTC
OA1_S4.26,899577,893577,450242,50.40%,4575,247476,HomC
OA1_S4.27,1215965,1212985,717053,59.10%,3720,353784,ProC
OA1_S4.28,1014696,1009103,555403,55.00%,3256,211535,HomC
OA1_S4.29,314136,309223,108548,35.10%,2446,50437,HomC
OA1_S4.30,1193528,1184275,672781,56.80%,3138,264615,HomC
OA1_S4.31,1207300,1202587,577774,48.00%,4252,244220,ProC
OA1_S4.32,1284998,1282627,658597,51.30%,4232,304797,preHTC
OA2_S0.1,637478,635360,273929,43.10%,1909,85910,HomC
OA2_S0.2,1973995,1970539,1023761,52.00%,4253,345726,RegC
OA2_S0.3,1835097,1821507,864049,47.40%,5564,336858,HomC
OA2_S0.4,494545,489820,245460,50.10%,2846,128347,RegC
OA2_S0.5,391787,384833,98890,25.70%,3177,47278,
OA2_S0.6,263440,257878,77939,30.20%,2853,39505,HTC
OA2_S0.7,793614,785695,274686,35.00%,3759,130538,HomC
OA2_S0.8,348641,344884,139396,40.40%,3675,66487,ProC
OA2_S0.9,504797,503960,280877,55.70%,3462,160306,HomC
OA2_S0.10,1018446,1015489,527766,52.00%,2969,171469,HomC
OA2_S0.11,107375,101891,14208,13.90%,325,762,
OA2_S0.12,633923,630351,297838,47.20%,2698,80446,RegC
OA2_S0.13,1052175,990903,191353,19.30%,2845,61979,
OA2_S0.14,915762,912554,441827,48.40%,2803,130199,HomC
OA2_S0.15,1073265,1070603,673867,62.90%,3762,191319,ProC
OA2_S0.16,738157,736298,467616,63.50%,2355,127964,HomC
OA2_S0.17,738710,723873,381904,52.80%,2704,115951,RegC
OA2_S0.18,1378787,1376374,766655,55.70%,4197,204921,HomC
OA2_S0.19,1080939,1073174,535486,49.90%,3584,164233,HomC
OA2_S0.20,571522,566294,204114,36.00%,4462,85774,EC
OA2_S0.21,246657,244995,121292,49.50%,3054,59390,ProC
OA2_S0.22,875409,872823,442300,50.70%,2852,115421,HTC
OA2_S0.23,200023,187600,4218,2.20%,834,1950,
OA2_S0.24,392759,391741,226398,57.80%,3033,99006,RegC
OA2_S0.25,686713,682003,371551,54.50%,2932,170651,HomC
OA2_S0.26,1324223,1321300,752623,57.00%,3424,196399,HomC
OA2_S0.27,4720,4710,1578,33.50%,95,309,
OA2_S0.28,865557,854130,379802,44.50%,4319,110345,HomC
OA2_S0.29,1713848,1712960,526334,30.70%,1852,7451,
OA2_S0.30,1066430,1054318,614137,58.20%,2754,154413,RegC
OA2_S0.31,336389,335721,109288,32.60%,2988,44057,HomC
OA2_S0.32,1169473,1167884,661405,56.60%,3193,165729,RegC
OA2_S1.1,893296,892519,543290,60.90%,2650,168645,RegC
OA2_S1.2,73106,71980,33781,46.90%,2780,20580,ProC
OA2_S1.3,1173875,1169807,643038,55.00%,4170,175053,ProC
OA2_S1.4,673655,671930,414158,61.60%,3773,148190,ProC
OA2_S1.5,238672,237378,35595,15.00%,1208,3244,
OA2_S1.6,595820,594658,320222,53.80%,2192,106110,HTC
OA2_S1.7,113945,113244,50814,44.90%,1914,18784,HomC
OA2_S1.8,406032,405205,231778,57.20%,2250,76288,RegC
OA2_S1.9,868855,867530,543162,62.60%,3369,260981,RegC
OA2_S1.10,1262083,1259913,702823,55.80%,3423,240521,HomC
OA2_S1.11,1087422,1085227,616958,56.90%,4372,246645,HomC
OA2_S1.12,239960,236225,115317,48.80%,1555,40701,HomC
OA2_S1.13,1206035,1205251,791500,65.70%,3255,176196,EC
OA2_S1.14,300266,298964,168395,56.30%,3649,59397,ProC
OA2_S1.15,1112424,1109902,671282,60.50%,3920,200514,ProC
OA2_S1.16,6901319,6898201,2250411,32.60%,5173,102447,HomC
OA2_S1.17,1697041,1693832,957470,56.50%,3421,191976,RegC
OA2_S1.18,1084791,1082837,647329,59.80%,3845,285284,ProC
OA2_S1.19,750294,747910,367795,49.20%,2193,121339,HomC
OA2_S1.20,1116590,1114496,695720,62.40%,3009,189031,RegC
OA2_S1.21,357010,355714,163349,45.90%,2741,64399,RegC
OA2_S1.22,1882826,1881091,947609,50.40%,3715,237006,ProC
OA2_S1.23,885070,879060,430412,49.00%,3093,198032,ProC
OA2_S1.24,293802,290219,118415,40.80%,3131,66617,HomC
OA2_S1.25,986384,981916,619670,63.10%,4108,275597,ProC
OA2_S1.26,1833195,1829178,1145932,62.60%,4226,365685,HomC
OA2_S1.27,305378,302848,105385,34.80%,1679,29250,HTC
OA2_S1.28,181023,180111,75575,42.00%,458,1460,
OA2_S1.29,1591571,1587149,918492,57.90%,4016,261803,RegC
OA2_S1.30,1183639,1181394,582724,49.30%,2526,122265,HomC
OA2_S1.31,1607584,1598932,791984,49.50%,3688,240693,ProC
OA2_S1.32,1856300,1854714,976169,52.60%,3957,249453,ProC
OA2_S2.1,463288,461344,93249,20.20%,1441,6691,
OA2_S2.2,5672834,5661177,2835115,50.10%,6417,934681,ProC
OA2_S2.3,2577980,2574409,1146721,44.50%,4166,339753,ProC
OA2_S2.4,2681571,2675627,1324787,49.50%,4410,470606,ProC
OA2_S2.5,725776,716048,368012,51.40%,3436,145259,ProC
OA2_S2.6,3085976,3081942,1691917,54.90%,4762,447094,preHTC
OA2_S2.7,2250163,2248658,1196023,53.20%,4133,395346,ProC
OA2_S2.8,1169132,1166639,578019,49.50%,4067,233119,ProC
OA2_S2.9,581059,580335,217686,37.50%,4028,98518,ProC
OA2_S2.10,1223008,1219007,664740,54.50%,3417,288184,preHTC
OA2_S2.11,1452444,1449878,802678,55.40%,3930,226014,HomC
OA2_S2.12,656878,595570,175198,29.40%,3242,81584,
OA2_S2.13,1385906,1383876,888978,64.20%,4175,362407,ProC
OA2_S2.14,506252,504707,274742,54.40%,3477,139278,ProC
OA2_S2.15,3321736,3318720,1845742,55.60%,4665,546749,ProC
OA2_S2.16,3582491,3578564,1646801,46.00%,5155,513996,HomC
OA2_S2.17,2148450,2134573,1029908,48.20%,4472,322500,ProC
OA2_S2.18,705220,703644,261950,37.20%,4029,127900,HomC
OA2_S2.19,1132603,1131430,608682,53.80%,4145,297339,ProC
OA2_S2.20,2667129,2664909,1433422,53.80%,4496,407836,ProC
OA2_S2.21,179587,178945,92920,51.90%,3354,44746,ProC
OA2_S2.22,2701695,2699691,1460474,54.10%,4275,483939,ProC
OA2_S2.23,1512173,1502399,695307,46.30%,4418,293513,HomC
OA2_S2.24,571862,571016,306307,53.60%,3868,119148,ProC
OA2_S2.25,1588433,1587364,911287,57.40%,3539,457440,HomC
OA2_S2.26,712274,706054,338222,47.90%,3203,186842,ProC
OA2_S2.27,601509,599905,269226,44.90%,2250,74220,preHTC
OA2_S2.28,2337322,2329228,937930,40.30%,4373,380815,ProC
OA2_S2.29,265798,264023,129453,49.00%,3208,64216,ProC
OA2_S2.30,1886877,1883018,1095213,58.20%,4377,323846,ProC
OA2_S2.31,1102020,1098744,503055,45.80%,3732,146433,ProC
OA2_S2.32,2022169,2017202,557731,27.60%,5725,37317,
OA2_S3.1,799996,798271,350869,44.00%,4446,131645,HomC
OA2_S3.2,73545,67782,10556,15.60%,1531,7129,
OA2_S3.3,815228,808530,366532,45.30%,4081,178276,preHTC
OA2_S3.4,630148,627313,348598,55.60%,4578,157031,ProC
OA2_S3.5,898658,895851,443929,49.60%,3957,247291,ProC
OA2_S3.6,958749,956638,604664,63.20%,4098,218884,ProC
OA2_S3.7,299606,298354,164021,55.00%,4341,94548,preHTC
OA2_S3.8,1038673,1035343,470002,45.40%,4151,168390,ProC
OA2_S3.9,624948,623543,353931,56.80%,3004,129830,ProC
OA2_S3.10,699242,697204,368432,52.80%,2850,153643,preHTC
OA2_S3.11,556875,554139,295924,53.40%,3440,102480,ProC
OA2_S3.12,190154,186024,91088,49.00%,2600,51154,RegC
OA2_S3.13,664046,661323,369801,55.90%,4218,176351,HomC
OA2_S3.14,144512,143091,70385,49.20%,3313,36399,preHTC
OA2_S3.15,1014523,1010193,586386,58.00%,4170,232355,ProC
OA2_S3.16,802840,800564,369391,46.10%,2680,135881,preHTC
OA2_S3.17,1833939,1820302,1032747,56.70%,4032,360221,ProC
OA2_S3.18,694892,687745,150727,21.90%,2702,14832,
OA2_S3.19,887862,882905,413065,46.80%,3306,213823,preHTC
OA2_S3.20,351350,346491,128031,37.00%,1542,39804,preHTC
OA2_S3.21,326347,324312,169657,52.30%,3160,96943,HomC
OA2_S3.22,1758163,1755636,1135636,64.70%,4193,405192,ProC
OA2_S3.23,1201808,1192911,665074,55.80%,3604,318287,RegC
OA2_S3.24,357599,348481,117710,33.80%,3052,56363,ProC
OA2_S3.25,1671834,1664980,1039660,62.40%,4538,455469,preHTC
OA2_S3.26,863178,862747,588014,68.20%,2614,164032,ProC
OA2_S3.27,695316,691688,343169,49.60%,3472,139892,HomC
OA2_S3.28,2011589,2008704,1026548,51.10%,3717,293123,ProC
OA2_S3.29,3022798,3020499,1691524,56.00%,4256,400705,HomC
OA2_S3.30,1215564,1212777,574056,47.30%,2913,165005,HTC
OA2_S3.31,2938606,2932573,1775286,60.50%,3967,434420,preHTC
OA2_S3.32,2319994,2317849,1345075,58.00%,4292,370468,ProC
OA2_S4.1,590789,585696,111241,19.00%,2394,16338,
OA2_S4.2,2658590,2644977,1217805,46.00%,4743,482978,ProC
OA2_S4.3,1728939,1723552,828099,48.00%,3916,308371,ProC
OA2_S4.4,2212315,2200455,1044356,47.50%,4037,443620,RegC
OA2_S4.5,707589,690014,326184,47.30%,3523,156492,ProC
OA2_S4.6,2577874,2573246,1501032,58.30%,4262,448126,HomC
OA2_S4.7,1086670,1085855,710872,65.50%,2584,221298,RegC
OA2_S4.8,1048929,1043268,515230,49.40%,3179,191700,ProC
OA2_S4.9,210194,209861,93192,44.40%,2508,35241,ProC
OA2_S4.10,573977,565138,246813,43.70%,2364,126823,ProC
OA2_S4.11,996692,993024,494813,49.80%,2977,181069,RegC
OA2_S4.12,857377,729986,92011,12.60%,3285,38204,
OA2_S4.13,1766468,1761881,765059,43.40%,3954,315724,ProC
OA2_S4.14,432651,430430,198201,46.00%,3577,107295,ProC
OA2_S4.15,3833327,3828512,1726432,45.10%,5103,522759,preHTC
OA2_S4.16,4231585,4226770,2190024,51.80%,5105,748371,ProC
OA2_S4.17,1728033,1698688,811611,47.80%,4108,331829,ProC
OA2_S4.18,915932,913187,516422,56.60%,5042,261459,preHTC
OA2_S4.19,995997,994185,525020,52.80%,3291,262277,preHTC
OA2_S4.20,4128793,4124361,2104036,51.00%,5329,587560,HomC
OA2_S4.21,318299,315784,139829,44.30%,4035,59907,ProC
OA2_S4.22,5628066,5623904,2694145,47.90%,5869,951052,ProC
OA2_S4.23,1274267,1259115,526998,41.90%,3416,152927,HTC
OA2_S4.24,405995,404793,201338,49.70%,3713,78215,EC
OA2_S4.25,4270562,4268430,2668929,62.50%,5961,1139482,preHTC
OA2_S4.26,534259,524633,252695,48.20%,3038,160535,ProC
OA2_S4.27,1283183,1278975,571386,44.70%,3966,262023,ProC
OA2_S4.28,1775294,1773978,1054558,59.40%,3708,303481,ProC
OA2_S4.29,360413,355352,183765,51.70%,3705,97296,EC
OA2_S4.30,1892801,1885687,968875,51.40%,3839,270248,EC
OA2_S4.31,1379891,1370112,532410,38.90%,4102,229639,ProC
OA2_S4.32,2613121,2607381,1369411,52.50%,5609,696208,EC
OA3_S0.1,1783841,1782826,1199726,67.30%,4370,451718,EC
OA3_S0.2,2530715,2529439,1840082,72.70%,4544,599700,HomC
OA3_S0.3,1194895,1192415,773356,64.90%,3687,256962,HomC
OA3_S0.4,1016042,1014763,723668,71.30%,3625,369452,EC
OA3_S0.5,394821,392391,211119,53.80%,3612,113647,EC
OA3_S0.6,367366,365656,223583,61.10%,3859,116560,EC
OA3_S0.7,1429898,1428331,998911,69.90%,5068,381325,HomC
OA3_S0.8,931166,930331,606141,65.20%,5577,264152,EC
OA3_S0.9,737824,737293,498448,67.60%,3185,280603,HomC
OA3_S0.10,1882985,1881977,1341642,71.30%,4011,463588,EC
OA3_S0.11,599670,597833,410612,68.70%,3510,197373,EC
OA3_S0.12,1403525,1402307,1006033,71.70%,4048,366343,HomC
OA3_S0.13,679256,665737,337219,50.70%,2686,122927,EC
OA3_S0.14,1553793,1552809,1101969,71.00%,3500,325772,EC
OA3_S0.15,156228,155796,83029,53.30%,465,1209,
OA3_S0.16,1077043,1076364,780285,72.50%,3101,268503,EC
OA3_S0.17,1788279,1786066,1226694,68.70%,3876,354698,EC
OA3_S0.18,1003296,1002609,696386,69.50%,3072,196088,RegC
OA3_S0.19,1439940,1438694,965290,67.10%,3398,281391,HomC
OA3_S0.20,557594,556034,345170,62.10%,3598,155577,EC
OA3_S0.21,1077172,1076182,334246,31.10%,3663,185179,EC
OA3_S0.22,1582936,1581839,1132641,71.60%,3828,393259,EC
OA3_S0.23,67106,65443,21710,33.20%,2056,10851,EC
OA3_S0.24,761359,760862,539609,70.90%,3186,203867,EC
OA3_S0.25,1942382,1940971,1391802,71.70%,4457,551473,EC
OA3_S0.26,1557517,1556580,1120930,72.00%,3796,327998,HomC
OA3_S0.27,1231142,1230538,896096,72.80%,3139,232286,EC
OA3_S0.28,1082514,1080251,657300,60.80%,3801,165078,EC
OA3_S0.29,1551208,1550174,1083709,69.90%,3395,190406,HomC
OA3_S0.30,2784936,2782193,1449514,52.10%,4538,427163,EC
OA3_S0.31,287302,286989,179398,62.50%,2908,68713,EC
OA3_S0.32,1756293,1755456,1216784,69.30%,4079,342998,EC
OA3_S1.1,653049,652589,392473,60.10%,2091,159357,HTC
OA3_S1.2,512012,511693,334482,65.40%,2122,112622,preHTC
OA3_S1.3,1881378,1879813,1283464,68.30%,4291,414283,HomC
OA3_S1.4,2337740,2336320,1374706,58.80%,5135,540379,EC
OA3_S1.5,662892,662324,353213,53.30%,2577,99274,HTC
OA3_S1.6,6022278,6019360,4286967,71.20%,7028,1501473,EC
OA3_S1.7,985928,985349,687048,69.70%,5063,273653,EC
OA3_S1.8,4029730,4027980,2860250,71.00%,5717,886001,EC
OA3_S1.9,1452847,1452076,1010906,69.60%,3466,402375,EC
OA3_S1.10,1654479,1653536,1180807,71.40%,3842,484743,RegC
OA3_S1.11,1870100,1868918,1329829,71.20%,4473,435507,EC
OA3_S1.12,484624,483335,332102,68.70%,3036,172339,EC
OA3_S1.13,1696417,1695408,1166801,68.80%,3913,513209,RegC
OA3_S1.14,379818,379285,269583,71.10%,3415,121947,EC
OA3_S1.15,2254697,2253306,1494278,66.30%,4267,479937,HomC
OA3_S1.16,1290274,1289418,759034,58.90%,3051,304645,HTC
OA3_S1.17,337654,337469,236069,70.00%,1313,51405,HTC
OA3_S1.18,1580972,1579861,1097986,69.50%,4029,446316,EC
OA3_S1.19,1100232,1099311,747956,68.00%,3408,255251,EC
OA3_S1.20,3709536,3707270,2636881,71.10%,5558,768981,EC
OA3_S1.21,326395,325486,211787,65.10%,2896,113752,HomC
OA3_S1.22,1291260,1290492,902459,69.90%,3807,285111,EC
OA3_S1.23,2245245,2243215,1572426,70.10%,4870,709072,EC
OA3_S1.24,297188,296087,190918,64.50%,3720,108447,RegC
OA3_S1.25,949978,948062,653679,68.90%,3694,293734,EC
OA3_S1.26,2137079,2135329,1488111,69.70%,4381,502718,EC
OA3_S1.27,1554566,1553406,1052844,67.80%,4421,317187,EC
OA3_S1.28,1490222,1489390,1047475,70.30%,3577,253924,RegC
OA3_S1.29,3238248,3236112,2271213,70.20%,5257,644610,EC
OA3_S1.30,1598394,1597259,1130683,70.80%,3421,354032,HomC
OA3_S1.31,2537999,2535015,1687246,66.60%,4928,601495,preHTC
OA3_S1.32,3918904,3916449,2860019,73.00%,6693,955643,EC
OA3_S2.1,1404253,1403103,923710,65.80%,3493,311471,preHTC
OA3_S2.2,4198033,4194733,2965338,70.70%,6164,1135350,EC
OA3_S2.3,1657836,1656655,1178760,71.20%,3976,411087,EC
OA3_S2.4,940408,939162,587245,62.50%,2497,228212,HomC
OA3_S2.5,442635,439532,212038,48.20%,2507,90335,RegC
OA3_S2.6,2005054,2003411,1432049,71.50%,4212,442073,EC
OA3_S2.7,7087064,7083397,5113716,72.20%,7578,1680778,EC
OA3_S2.8,3543829,3541365,2479361,70.00%,6668,1099310,EC
OA3_S2.9,259905,259518,174074,67.10%,3659,93353,EC
OA3_S2.10,1139678,1138107,789596,69.40%,4010,416592,EC
OA3_S2.11,1196241,1195300,858554,71.80%,3984,266554,EC
OA3_S2.12,947985,934630,595744,63.70%,6656,335373,EC
OA3_S2.13,1487632,1486200,1030916,69.40%,3714,533453,EC
OA3_S2.14,727148,726454,499010,68.70%,3817,269190,EC
OA3_S2.15,1553842,1552721,1004549,64.70%,4156,451672,EC
OA3_S2.16,1450259,1449276,988552,68.20%,3419,404935,RegC
OA3_S2.17,1343167,1340906,858943,64.10%,3821,292362,EC
OA3_S2.18,706969,706032,434286,61.50%,5006,233023,EC
OA3_S2.19,2908747,2906891,1998862,68.80%,6368,988591,HomC
OA3_S2.20,2207433,2206177,1475400,66.90%,4413,654668,RegC
OA3_S2.21,174376,173988,110699,63.60%,3082,71263,EC
OA3_S2.22,1436794,1435950,1040542,72.50%,3563,379257,HomC
OA3_S2.23,1232080,1227983,770476,62.70%,4309,297933,HomC
OA3_S2.24,466035,465507,300894,64.60%,3722,158521,preHTC
OA3_S2.25,628013,627666,433962,69.10%,3334,234339,preHTC
OA3_S2.26,660108,658152,445492,67.70%,3651,220732,EC
OA3_S2.27,897955,896991,638108,71.10%,3530,261576,EC
OA3_S2.28,1407909,1405021,940148,66.90%,3714,472131,EC
OA3_S2.29,203259,202280,112035,55.40%,2325,62347,preHTC
OA3_S2.30,1848444,1846140,1228695,66.60%,3997,452414,EC
OA3_S2.31,1015979,1013898,602987,59.50%,3531,281467,HomC
OA3_S2.32,1143808,1142801,739583,64.70%,3187,384086,preHTC
OA3_S3.1,1483180,1478915,771927,52.20%,4847,265996,HomC
OA3_S3.2,1853899,1851199,995979,53.80%,4817,249229,HomC
OA3_S3.3,1547742,1533212,670067,43.70%,5436,244423,EC
OA3_S3.4,1042538,1037077,579694,55.90%,5276,256932,preHTC
OA3_S3.5,410453,403478,121953,30.20%,4140,65893,EC
OA3_S3.6,649343,643048,303081,47.10%,6479,200457,preHTC
OA3_S3.7,501370,498389,265200,53.20%,3902,128364,preHTC
OA3_S3.8,480768,477282,204656,42.90%,4323,113450,EC
OA3_S3.9,1115683,1114245,685965,61.60%,4797,378881,preHTC
OA3_S3.10,1172451,1168835,591532,50.60%,4317,229346,preHTC
OA3_S3.11,1067706,1061420,645353,60.80%,5853,332653,preHTC
OA3_S3.12,659137,655693,315902,48.20%,3571,96736,preHTC
OA3_S3.13,1104574,1043147,255038,24.40%,4148,120966,
OA3_S3.14,1789583,1786863,1156311,64.70%,4603,302864,preHTC
OA3_S3.15,624561,624196,406980,65.20%,3116,94254,HomC
OA3_S3.16,1732141,1729662,1192413,68.90%,4378,355900,preHTC
OA3_S3.17,1322101,1302638,724742,55.60%,4225,250070,preHTC
OA3_S3.18,982910,979690,522580,53.30%,4091,177618,preHTC
OA3_S3.19,1537296,1519423,861211,56.70%,5548,322996,preHTC
OA3_S3.20,399205,393058,78107,19.90%,3560,40969,
OA3_S3.21,247732,245417,120919,49.30%,3418,73401,preHTC
OA3_S3.22,1269476,1266775,642147,50.70%,4700,203421,preHTC
OA3_S3.23,254040,243914,25668,10.50%,2855,16253,
OA3_S3.24,1160742,1158771,820893,70.80%,5047,337034,preHTC
OA3_S3.25,1670815,1665933,1094344,65.70%,4869,474053,EC
OA3_S3.26,1876488,1873064,1047545,55.90%,5412,302566,preHTC
OA3_S3.27,2473014,2470115,1379476,55.80%,6048,428607,preHTC
OA3_S3.28,696348,686850,338662,49.30%,3836,136380,preHTC
OA3_S3.29,910515,902642,536005,59.40%,3560,150060,preHTC
OA3_S3.30,2249214,2235661,1535886,68.70%,5856,504039,EC
OA3_S3.31,259786,259161,150207,58.00%,3727,73272,preHTC
OA3_S3.32,2267568,2265518,1591803,70.30%,5298,422264,EC
OA3_S4.1,476988,475904,201679,42.40%,2611,41578,FC
OA3_S4.2,112388,106361,20739,19.50%,1371,3994,
OA3_S4.3,825569,820719,396464,48.30%,3447,100514,FC
OA3_S4.4,658350,655683,324274,49.50%,3779,104617,FC
OA3_S4.5,788009,786261,425776,54.20%,3711,114599,FC
OA3_S4.6,908494,907644,553337,61.00%,4080,156466,FC
OA3_S4.7,259831,258772,121976,47.10%,3442,40030,FC
OA3_S4.8,285094,283308,139349,49.20%,1916,41570,FC
OA3_S4.9,798397,797075,448768,56.30%,3260,140962,FC
OA3_S4.10,693992,693447,437188,63.00%,3188,113984,FC
OA3_S4.11,1288257,1284751,623474,48.50%,4984,208210,FC
OA3_S4.12,392787,387414,190754,49.20%,3047,66800,FC
OA3_S4.13,777035,775394,441643,57.00%,3654,114802,FC
OA3_S4.14,178997,176690,70489,39.90%,1932,22746,FC
OA3_S4.15,693699,692427,415725,60.00%,2886,86299,FC
OA3_S4.16,739620,738547,453837,61.40%,2945,111641,FC
OA3_S4.17,1159060,1157343,661463,57.20%,4036,178318,FC
OA3_S4.18,887002,885016,465852,52.60%,3181,145413,FC
OA3_S4.19,888157,885812,523003,59.00%,4281,239009,FC
OA3_S4.20,998163,995582,600953,60.40%,3844,193027,FC
OA3_S4.21,213150,211568,100277,47.40%,2039,32550,FC
OA3_S4.22,517788,517017,306225,59.20%,2615,80040,FC
OA3_S4.23,1019303,1014190,619276,61.10%,4761,311649,FC
OA3_S4.24,110591,107996,35231,32.60%,1734,10078,FC
OA3_S4.25,986415,984574,498690,50.70%,3252,108735,FC
OA3_S4.26,1141410,1139187,672460,59.00%,3830,190570,FC
OA3_S4.27,435134,433471,222237,51.30%,3866,69988,FC
OA3_S4.28,712840,712224,483366,67.90%,3539,122719,FC
OA3_S4.29,488194,487978,311679,63.90%,2607,64648,FC
OA3_S4.30,564489,563591,334432,59.30%,2928,83716,FC
OA3_S4.31,531711,531444,322465,60.70%,3073,83514,FC
OA3_S4.32,1217033,1216062,839923,69.10%,5093,255431,FC
OA4_S0.1,1236368,1234732,802144,65.00%,3767,293965,EC
OA4_S0.2,1651603,1649652,976064,59.20%,4394,358846,ProC
OA4_S0.3,2025584,2018937,869742,43.10%,4750,378349,EC
OA4_S0.4,1239834,1237265,846675,68.40%,5167,445052,EC
OA4_S0.5,335917,333582,170303,51.10%,3395,89404,EC
OA4_S0.6,403951,401128,221100,55.10%,4175,129962,EC
OA4_S0.7,2803557,2801133,1743392,62.20%,6316,545474,EC
OA4_S0.8,1235009,1232049,732421,59.40%,6758,329421,EC
OA4_S0.9,747707,746948,514625,68.90%,3831,304444,EC
OA4_S0.10,2055016,2053231,1407576,68.60%,4847,493995,EC
OA4_S0.11,665112,662520,406790,61.40%,4095,209965,EC
OA4_S0.12,1411583,1409769,944617,67.00%,4589,332292,EC
OA4_S0.13,1273599,1250672,709774,56.80%,4380,263934,EC
OA4_S0.14,1862811,1860863,1096080,58.90%,4161,185045,HomC
OA4_S0.15,2320810,2318109,1583549,68.30%,5114,506762,EC
OA4_S0.16,1731849,1729947,1170259,67.60%,4513,362135,EC
OA4_S0.17,260859,255633,98879,38.70%,2024,39962,ProC
OA4_S0.18,1264210,1262623,801658,63.50%,5066,276988,EC
OA4_S0.19,1394782,1391566,887435,63.80%,4164,321563,EC
OA4_S0.20,538677,536010,322973,60.30%,4455,147865,EC
OA4_S0.21,402314,401100,246013,61.30%,4220,150152,HomC
OA4_S0.22,1419726,1418143,986551,69.60%,4674,425017,EC
OA4_S0.23,85440,82011,11828,14.40%,1485,6907,
OA4_S0.24,625338,624539,428744,68.60%,3985,174521,EC
OA4_S0.25,145242,143061,54904,38.40%,949,2616,
OA4_S0.26,1833543,1832025,1158892,63.30%,4552,339421,EC
OA4_S0.27,1087854,1086885,692175,63.70%,3378,191801,EC
OA4_S0.28,612164,607776,246834,40.60%,3678,88306,ProC
OA4_S0.29,1527778,1526278,1109372,72.70%,4239,238699,EC
OA4_S0.30,3319707,3311154,2199563,66.40%,6854,820225,EC
OA4_S0.31,339691,339345,228379,67.30%,3460,90216,EC
OA4_S0.32,2062461,2060842,1345943,65.30%,5007,376049,EC
OA4_S1.1,709947,709090,494029,69.70%,3804,262554,ProC
OA4_S1.2,63675,63120,32315,51.20%,2284,19537,RegC
OA4_S1.3,1060858,1058946,712751,67.30%,3986,212644,RegC
OA4_S1.4,817301,816268,496530,60.80%,3586,176368,EC
OA4_S1.5,1402683,1401602,910519,65.00%,4298,255057,EC
OA4_S1.6,722669,721990,525309,72.80%,3375,168252,ProC
OA4_S1.7,158187,157596,98388,62.40%,2629,61088,RegC
OA4_S1.8,1150977,1149988,747362,65.00%,3855,237245,RegC
OA4_S1.9,1098182,1097057,775945,70.70%,4303,401367,HomC
OA4_S1.10,1103097,1101800,736957,66.90%,3915,328689,EC
OA4_S1.11,754052,752968,511483,67.90%,3822,179040,EC
OA4_S1.12,370233,368155,250339,68.00%,3106,130417,RegC
OA4_S1.13,1211716,1210615,839649,69.40%,4561,322147,EC
OA4_S1.14,238481,237807,161318,67.80%,3509,78282,EC
OA4_S1.15,1076917,1075731,768806,71.50%,3859,225669,RegC
OA4_S1.16,1393283,1392186,910435,65.40%,3800,289775,RegC
OA4_S1.17,2419953,2416464,1760893,72.90%,4446,429589,EC
OA4_S1.18,1136754,1135280,855974,75.40%,3252,337459,RegC
OA4_S1.19,2672981,2671048,2006902,75.10%,5006,587559,ProC
OA4_S1.20,1594962,1592346,1167752,73.30%,3987,389167,HomC
OA4_S1.21,702023,700223,398480,56.90%,3184,116772,RegC
OA4_S1.22,1627560,1626440,1219157,75.00%,3898,255329,EC
OA4_S1.23,1170714,1169297,830915,71.10%,3323,254953,EC
OA4_S1.24,394128,391527,264781,67.60%,4104,127236,EC
OA4_S1.25,1172765,1170821,896059,76.50%,3734,319682,ProC
OA4_S1.26,1235322,1233882,925307,75.00%,3124,244016,RegC
OA4_S1.27,625458,624066,453342,72.60%,3282,148009,RegC
OA4_S1.28,2760626,2758799,2132088,77.30%,5298,463337,EC
OA4_S1.29,2300128,2298349,1767211,76.90%,4339,375165,ProC
OA4_S1.30,1416772,1414597,1006826,71.20%,3786,256707,ProC
OA4_S1.31,1502206,1499507,1128529,75.30%,3561,262959,RegC
OA4_S1.32,1425344,1424288,1081509,75.90%,4006,258938,ProC
OA4_S2.1,2463069,2461124,1566359,63.60%,4523,436572,ProC
OA4_S2.2,1827522,1820218,1229406,67.50%,3772,578803,preHTC
OA4_S2.3,2298326,2295512,1411677,61.50%,4380,475000,ProC
OA4_S2.4,2209289,2205780,1598689,72.50%,4655,535857,EC
OA4_S2.5,1164185,1156949,801537,69.30%,4395,340654,EC
OA4_S2.6,2632316,2630354,1927529,73.30%,4479,359481,EC
OA4_S2.7,4455655,4453121,2828961,63.50%,5130,771390,preHTC
OA4_S2.8,1449797,1447141,1011678,69.90%,4086,377241,EC
OA4_S2.9,242590,241906,163327,67.50%,3426,64038,ProC
OA4_S2.10,2802469,2798975,1905630,68.10%,5355,760750,preHTC
OA4_S2.11,2107931,2106155,1464701,69.50%,4165,373904,ProC
OA4_S2.12,408430,371301,150987,40.70%,2867,65921,ProC
OA4_S2.13,2220291,2217517,1596066,72.00%,4270,541173,EC
OA4_S2.14,423116,421744,278328,66.00%,2614,141680,preHTC
OA4_S2.15,2628771,2626754,1896361,72.20%,4570,538822,ProC
OA4_S2.16,2251044,2248995,1500882,66.70%,3872,528527,ProC
OA4_S2.17,1209028,1202196,724324,60.30%,3643,258467,ProC
OA4_S2.18,335202,334119,182198,54.50%,2119,39851,ProC
OA4_S2.19,1003561,1002766,710486,70.90%,2717,269407,preHTC
OA4_S2.20,2736259,2734504,1945201,71.10%,5108,705586,ProC
OA4_S2.21,185500,184951,123667,66.90%,3318,62006,EC
OA4_S2.22,2040739,2039153,1369239,67.10%,4227,529607,EC
OA4_S2.23,1195707,1191905,851115,71.40%,3811,269745,EC
OA4_S2.24,501640,501074,352453,70.30%,3248,133874,ProC
OA4_S2.25,1052656,1051910,766563,72.90%,3078,356809,ProC
OA4_S2.26,544681,541414,379584,70.10%,3166,191774,ProC
OA4_S2.27,1353520,1351583,963822,71.30%,4011,335885,ProC
OA4_S2.28,1265900,1265061,948357,75.00%,3287,258311,EC
OA4_S2.29,359655,358266,239593,66.90%,3258,99766,ProC
OA4_S2.30,2228763,2224357,1586300,71.30%,4700,521716,HomC
OA4_S2.31,1199373,1196119,734547,61.40%,4023,227603,EC
OA4_S2.32,667418,665996,413520,62.10%,2486,187287,HTC
OA4_S3.1,990609,988859,539221,54.50%,4750,248413,preHTC
OA4_S3.2,1070665,1068779,619173,57.90%,4056,238916,preHTC
OA4_S3.3,383850,377416,39117,10.40%,2340,8963,
OA4_S3.4,1079530,1076761,667866,62.00%,5331,361317,preHTC
OA4_S3.5,277911,274717,82282,30.00%,3409,50439,preHTC
OA4_S3.6,274793,271528,108505,40.00%,4143,62483,preHTC
OA4_S3.7,511391,509028,278020,54.60%,4689,142242,preHTC
OA4_S3.8,578676,576580,321020,55.70%,5322,173959,preHTC
OA4_S3.9,553614,552781,296916,53.70%,3858,206369,preHTC
OA4_S3.10,1992606,1990019,1231228,61.90%,5547,504022,preHTC
OA4_S3.11,600830,597730,385623,64.50%,4773,210290,preHTC
OA4_S3.12,1698017,1697080,1068753,63.00%,4737,258766,HTC
OA4_S3.13,1568823,1547334,891491,57.60%,6102,325024,preHTC
OA4_S3.14,3589781,3586711,2281536,63.60%,6770,631611,preHTC
OA4_S3.15,1010947,1009348,626364,62.10%,4155,195902,preHTC
OA4_S3.16,10805,10791,5320,49.30%,1034,3501,
OA4_S3.17,350706,343633,132359,38.50%,2459,31611,preHTC
OA4_S3.18,1773957,1771795,1113384,62.80%,5874,353028,preHTC
OA4_S3.19,5945103,5932851,3857730,65.00%,8553,1478281,preHTC
OA4_S3.20,2256822,2252188,1259399,55.90%,8829,573344,preHTC
OA4_S3.21,833325,832456,585937,70.40%,4817,250295,preHTC
OA4_S3.22,1555367,1553399,1140037,73.40%,5556,393321,preHTC
OA4_S3.23,77201,73960,4241,5.70%,846,2203,
OA4_S3.24,484945,484265,302788,62.50%,3619,137464,preHTC
OA4_S3.25,237923,236514,97440,41.20%,1794,7314,
OA4_S3.26,1725319,1723070,1117805,64.90%,5410,344773,EC
OA4_S3.27,3137109,3134730,2019551,64.40%,6833,555203,HomC
OA4_S3.28,625579,620611,344452,55.50%,4325,140186,preHTC
OA4_S3.29,1565473,1561226,924341,59.20%,4983,252776,preHTC
OA4_S3.30,3485856,3478841,2243526,64.50%,7309,810789,preHTC
OA4_S3.31,588440,587920,335454,57.10%,4506,114317,HTC
OA4_S3.32,2829592,2827748,1909610,67.50%,6350,543896,preHTC
OA4_S4.1,2292253,2288219,1580001,69.00%,4705,476433,preHTC
OA4_S4.2,5653053,5644936,3968141,70.30%,6550,1339712,preHTC
OA4_S4.3,2766610,2759506,1849028,67.00%,5057,687020,FC
OA4_S4.4,2086030,2079481,1460876,70.30%,4436,467250,preHTC
OA4_S4.5,787268,778786,492629,63.30%,4318,207812,preHTC
OA4_S4.6,2488819,2483684,1779110,71.60%,4745,422027,preHTC
OA4_S4.7,264801,264303,173722,65.70%,1237,4658,
OA4_S4.8,1702051,1696852,1160774,68.40%,4888,511614,preHTC
OA4_S4.9,79821,78101,23359,29.90%,934,4774,
OA4_S4.10,1566942,1560485,1139908,73.00%,4338,607119,preHTC
OA4_S4.11,2283524,2278695,1535982,67.40%,5408,529163,preHTC
OA4_S4.12,832116,728920,108109,14.80%,3021,56851,
OA4_S4.13,992840,989266,476449,48.20%,3757,115549,HomC
OA4_S4.14,957372,954543,642986,67.40%,4601,385367,preHTC
OA4_S4.15,1243519,1242265,926705,74.60%,3749,251243,FC
OA4_S4.16,2228115,2224694,1574513,70.80%,4515,588421,preHTC
OA4_S4.17,2828909,2812430,1868641,66.40%,5773,775226,preHTC
OA4_S4.18,421427,419316,256449,61.20%,3735,133070,preHTC
OA4_S4.19,1282239,1279831,865362,67.60%,3692,456675,preHTC
OA4_S4.20,6005061,5999368,4361150,72.70%,7019,1406250,preHTC
OA4_S4.21,245691,244585,165652,67.70%,3961,78957,preHTC
OA4_S4.22,2358598,2354821,1617294,68.70%,4724,710378,preHTC
OA4_S4.23,1273422,1265990,767321,60.60%,4864,326555,FC
OA4_S4.24,1026389,1024816,679732,66.30%,6182,336712,preHTC
OA4_S4.25,938216,936974,425375,45.40%,3264,151580,FC
OA4_S4.26,228084,217543,90278,41.50%,3361,58576,preHTC
OA4_S4.27,1042129,1037726,638374,61.50%,3781,254268,preHTC
OA4_S4.28,4256231,4239413,2930266,69.10%,7273,1331043,preHTC
OA4_S4.29,529522,524345,323603,61.70%,4179,182343,preHTC
OA4_S4.30,2524750,2508207,1740754,69.40%,4888,669360,preHTC
OA4_S4.31,1018211,1011249,410074,40.60%,3891,145162,preHTC
OA4_S4.32,1295979,1290931,705060,54.60%,3928,364569,preHTC
OA5_S0.1,1402388,1400498,584935,41.80%,3480,182356,RegC
OA5_S0.2,1029589,1026969,606136,59.00%,2731,210527,HTC
OA5_S0.3,2582383,2570145,1343251,52.30%,5803,465805,EC
OA5_S0.4,1086034,1082188,660021,61.00%,4142,335769,HomC
OA5_S0.5,297909,293916,128689,43.80%,3278,64027,EC
OA5_S0.6,226430,223234,100363,45.00%,3513,65563,RegC
OA5_S0.7,549281,545926,290154,53.10%,3775,135285,HomC
OA5_S0.8,114563,112488,15651,13.90%,739,2945,
OA5_S0.9,1098576,1097581,769825,70.10%,5089,424711,EC
OA5_S0.10,3852365,3848613,2323821,60.40%,5186,741665,FC
OA5_S0.11,407764,403390,250953,62.20%,3865,139234,EC
OA5_S0.12,1729046,1724599,1069169,62.00%,4526,406069,HomC
OA5_S0.13,1349236,1293937,582117,45.00%,4390,224422,EC
OA5_S0.14,1688400,1685220,1134092,67.30%,4280,390318,EC
OA5_S0.15,1726077,1722221,1114515,64.70%,4485,403267,EC
OA5_S0.16,1356088,1353519,890325,65.80%,3610,305533,EC
OA5_S0.17,1734246,1717683,1095586,63.80%,4185,411279,EC
OA5_S0.18,1463914,1461402,922306,63.10%,4058,314276,RegC
OA5_S0.19,2826874,2822357,1890656,67.00%,5293,534267,HomC
OA5_S0.20,361372,357523,143863,40.20%,2876,62165,RegC
OA5_S0.21,313957,312978,210091,67.10%,3605,133065,EC
OA5_S0.22,2337115,2334480,1666273,71.40%,4852,528108,HomC
OA5_S0.23,63582,62049,31962,51.50%,2247,16118,EC
OA5_S0.24,589136,588153,362498,61.60%,3344,151255,RegC
OA5_S0.25,1228008,1223205,757435,61.90%,3507,350347,HomC
OA5_S0.26,1727038,1724260,1213117,70.40%,4434,440474,EC
OA5_S0.27,2986140,2984681,1449061,48.50%,3941,299558,RegC
OA5_S0.28,423953,414345,222022,53.60%,3471,90527,EC
OA5_S0.29,1412225,1405835,877214,62.40%,3247,238027,HTC
OA5_S0.30,1614197,1598928,1104208,69.10%,4171,426397,EC
OA5_S0.31,229520,229164,132350,57.80%,2792,49598,HomC
OA5_S0.32,2097545,2095948,1296252,61.80%,3696,227692,HomC
OA5_S1.1,676132,675312,381927,56.60%,2683,155446,RegC
OA5_S1.2,50841,49968,20062,40.10%,1795,11731,RegC
OA5_S1.3,1600544,1596759,1024543,64.20%,4582,375126,HomC
OA5_S1.4,216504,215196,84743,39.40%,980,5140,
OA5_S1.5,1471950,1470702,1006031,68.40%,4391,339402,EC
OA5_S1.6,2090910,2089118,1436295,68.80%,3939,541196,EC
OA5_S1.7,112898,112375,58187,51.80%,2131,27218,HTC
OA5_S1.8,234745,233454,100731,43.10%,1697,6923,
OA5_S1.9,1076785,1075663,657588,61.10%,3453,290075,RegC
OA5_S1.10,2017257,2014728,1385586,68.80%,4373,596527,RegC
OA5_S1.11,689655,687807,421454,61.30%,3283,174922,RegC
OA5_S1.12,324028,320456,209515,65.40%,2626,111664,RegC
OA5_S1.13,829136,827577,539788,65.20%,3272,261051,ProC
OA5_S1.14,170412,169501,62291,36.70%,1900,26182,RegC
OA5_S1.15,2097519,2093924,1489774,71.10%,5502,578635,ProC
OA5_S1.16,1142337,1140732,714946,62.70%,3104,270977,RegC
OA5_S1.17,2640739,2637193,1840622,69.80%,5061,584713,RegC
OA5_S1.18,45399,44931,15071,33.50%,1273,6115,
OA5_S1.19,1967506,1965642,1362516,69.30%,5647,613543,EC
OA5_S1.20,6901642,6896470,1452154,21.10%,4838,480231,
OA5_S1.21,361517,360647,253042,70.20%,2934,126339,RegC
OA5_S1.22,1747121,1745938,1284831,73.60%,3556,378774,RegC
OA5_S1.23,1368637,1365689,896941,65.70%,3408,303592,HTC
OA5_S1.24,277578,276260,180215,65.20%,2630,79390,RegC
OA5_S1.25,1392262,1389581,687019,49.40%,3865,282278,RegC
OA5_S1.26,2119405,2118014,1601287,75.60%,4054,429608,RegC
OA5_S1.27,392724,391565,268659,68.60%,3180,110675,HomC
OA5_S1.28,1819323,1818164,1335280,73.40%,3786,328080,RegC
OA5_S1.29,5436761,5433148,3787192,69.70%,6322,1005750,EC
OA5_S1.30,3189925,3187878,2224599,69.80%,5456,555782,RegC
OA5_S1.31,347958,345333,220480,63.80%,1146,11784,RegC
OA5_S1.32,2858488,2856630,1864633,65.30%,4898,478695,HomC
OA5_S2.1,1689576,1688508,1197068,70.90%,4003,306749,RegC
OA5_S2.2,368227,363126,166544,45.90%,1236,4372,
OA5_S2.3,2478046,2476471,1448244,58.50%,4991,405887,RegC
OA5_S2.4,4139184,4134715,2772868,67.10%,5864,1051973,HomC
OA5_S2.5,520369,516889,341564,66.10%,2661,108740,HTC
OA5_S2.6,1870674,1869315,1178477,63.00%,4084,249249,RegC
OA5_S2.7,1399700,1399042,973911,69.60%,3390,257276,RegC
OA5_S2.8,628309,627173,398599,63.60%,3171,159916,RegC
OA5_S2.9,183552,183058,126829,69.30%,3165,62812,preHTC
OA5_S2.10,1287791,1284126,826913,64.40%,3707,377893,RegC
OA5_S2.11,1550617,1549871,1067866,68.90%,3278,222477,HTC
OA5_S2.12,197875,180876,78726,43.50%,2539,44128,preHTC
OA5_S2.13,1551554,1549709,1136427,73.30%,3487,459182,HomC
OA5_S2.14,328229,327468,202895,62.00%,2316,101245,preHTC
OA5_S2.15,2880413,2878757,2073893,72.00%,4727,692642,preHTC
OA5_S2.16,2024744,2022614,1268474,62.70%,4224,399090,RegC
OA5_S2.17,2758250,2750979,1659275,60.30%,5736,526219,HomC
OA5_S2.18,418177,417158,254044,60.90%,3341,128119,RegC
OA5_S2.19,971729,970846,679777,70.00%,3444,327189,RegC
OA5_S2.20,2758443,2756704,2053658,74.50%,5253,713352,RegC
OA5_S2.21,173121,172756,117375,67.90%,3165,50604,HomC
OA5_S2.22,5669709,5666541,4067936,71.80%,6251,1558462,preHTC
OA5_S2.23,1156853,1149461,730058,63.50%,4003,280955,RegC
OA5_S2.24,433925,433424,294155,67.90%,3480,118410,ProC
OA5_S2.25,1444025,1443288,1026493,71.10%,3467,396687,RegC
OA5_S2.26,498573,496529,304195,61.30%,2481,118734,HTC
OA5_S2.27,1033721,1032314,656890,63.60%,3435,240032,HomC
OA5_S2.28,2112417,2106711,1516984,72.00%,4524,602433,RegC
OA5_S2.29,169741,168747,107492,63.70%,2692,59840,preHTC
OA5_S2.30,1055847,1050885,677442,64.50%,3352,254305,HTC
OA5_S2.31,1572051,1569128,1084276,69.10%,4752,401053,preHTC
OA5_S2.32,2586794,2584033,1629734,63.10%,4754,658924,preHTC
OA5_S3.1,2308405,2306972,1431650,62.10%,5981,553272,EC
OA5_S3.2,169899,169080,57739,34.10%,1132,3413,
OA5_S3.3,1193197,1190126,706615,59.40%,4523,238460,EC
OA5_S3.4,1743372,1742118,1230915,70.70%,5103,428970,preHTC
OA5_S3.5,458449,456433,232543,50.90%,3915,101725,preHTC
OA5_S3.6,326130,323464,154924,47.90%,3464,81928,RegC
OA5_S3.7,725921,723919,443748,61.30%,3999,164990,EC
OA5_S3.8,123391,121333,15499,12.80%,890,2575,
OA5_S3.9,678281,677815,453341,66.90%,3869,256309,RegC
OA5_S3.10,1252256,1251156,845247,67.60%,4186,296170,EC
OA5_S3.11,543193,541378,352041,65.00%,3833,168587,EC
OA5_S3.12,918149,917141,643421,70.20%,3473,182558,EC
OA5_S3.13,1348774,1334002,751996,56.40%,4112,184736,HomC
OA5_S3.14,993113,992461,670916,67.60%,3173,154908,RegC
OA5_S3.15,1842348,1841405,1163817,63.20%,4046,224288,HomC
OA5_S3.16,993453,992589,633843,63.90%,2968,170204,HomC
OA5_S3.17,1585689,1582052,1000128,63.20%,3672,323222,preHTC
OA5_S3.18,1005314,1004234,646249,64.40%,3700,189780,EC
OA5_S3.19,173108,170561,68713,40.30%,1185,3392,
OA5_S3.20,731935,729877,449478,61.60%,4628,176242,EC
OA5_S3.21,460010,458941,299685,65.30%,3793,145834,EC
OA5_S3.22,1551194,1550367,1038383,67.00%,4316,267001,preHTC
OA5_S3.23,178658,174169,16765,9.60%,1889,8235,
OA5_S3.24,4404,4401,2121,48.20%,317,657,
OA5_S3.25,1115852,1114178,774715,69.50%,4012,335344,EC
OA5_S3.26,1917139,1915925,1379734,72.00%,4824,437827,EC
OA5_S3.27,1249537,1248620,876556,70.20%,4263,241251,EC
OA5_S3.28,133624,130061,34877,26.80%,1015,3002,
OA5_S3.29,1458341,1456434,967719,66.40%,3969,196729,EC
OA5_S3.30,2328818,2324463,1568924,67.50%,4952,468047,EC
OA5_S3.31,376110,375721,249663,66.40%,3567,97857,EC
OA5_S3.32,2243009,2242017,1288383,57.50%,5242,301922,EC
OA5_S4.1,1209408,1208757,896124,74.10%,4104,326667,HTC
OA5_S4.2,78397,77496,40161,51.80%,2943,26665,ProC
OA5_S4.3,1520320,1518642,1025117,67.50%,4579,363540,preHTC
OA5_S4.4,955730,954752,630781,66.10%,4059,239188,HomC
OA5_S4.5,947262,946447,392911,41.50%,3020,71953,HomC
OA5_S4.6,746228,745526,534439,71.70%,3620,200092,HTC
OA5_S4.7,376023,375595,247236,65.80%,4212,116290,preHTC
OA5_S4.8,1895290,1894326,1042087,55.00%,3994,239219,FC
OA5_S4.9,1220891,1220351,884667,72.50%,4255,404957,preHTC
OA5_S4.10,1951807,1950759,1410419,72.30%,5142,609242,preHTC
OA5_S4.11,1850833,1849643,1160661,62.80%,5741,383365,FC
OA5_S4.12,737461,735641,481350,65.40%,4156,222434,preHTC
OA5_S4.13,1254452,1253838,904386,72.10%,4237,282565,HomC
OA5_S4.14,279607,279066,143744,51.50%,2536,49259,FC
OA5_S4.15,3050588,3049237,2176672,71.40%,5346,517366,HTC
OA5_S4.16,2859783,2858801,2058890,72.00%,4817,600664,preHTC
OA5_S4.17,3254604,3250224,1817234,55.90%,6680,533301,EC
OA5_S4.18,2355081,2352971,1535859,65.30%,4886,577903,preHTC
OA5_S4.19,2352587,2350710,1397898,59.50%,4987,376168,FC
OA5_S4.20,1741199,1738762,958333,55.10%,4198,246132,FC
OA5_S4.21,658193,656453,401990,61.20%,4051,178041,ProC
OA5_S4.22,2715429,2713211,1820773,67.10%,5772,557816,preHTC
OA5_S4.23,2140373,2137613,1486510,69.50%,5598,573196,HomC
OA5_S4.24,668190,666102,350932,52.70%,3743,126952,FC
OA5_S4.25,1384536,1383600,885985,64.00%,3918,190793,FC
OA5_S4.26,2431691,2429313,1496311,61.60%,5674,450787,FC
OA5_S4.27,739923,738091,479486,65.00%,4376,173099,preHTC
OA5_S4.28,2823871,2821755,1956088,69.30%,5725,475774,preHTC
OA5_S4.29,2856077,2852626,1815434,63.60%,5932,445461,FC
OA5_S4.30,1950245,1948490,1361140,69.90%,5118,350516,preHTC
OA5_S4.31,2474512,2472175,1730018,70.00%,5869,412177,ProC
OA5_S4.32,1952375,1950901,1156060,59.30%,4804,286124,HomC
OA6_S0.1,1429255,1426389,779034,54.60%,4222,287821,RegC
OA6_S0.2,1777088,1773787,1039861,58.60%,4432,332262,FC
OA6_S0.3,1297311,1289012,743627,57.70%,4590,330615,EC
OA6_S0.4,1050106,1046682,716168,68.40%,4442,331088,EC
OA6_S0.5,452032,447087,194116,43.40%,3487,101187,RegC
OA6_S0.6,368592,363071,161868,44.60%,4102,101135,EC
OA6_S0.7,305827,301935,96477,32.00%,1854,19413,RegC
OA6_S0.8,189273,185843,20529,11.00%,1410,3787,
OA6_S0.9,895540,894094,579939,64.90%,4269,308730,EC
OA6_S0.10,2702011,2698589,1690971,62.70%,5365,653570,EC
OA6_S0.11,499980,495537,318025,64.20%,3755,163740,EC
OA6_S0.12,1717874,1714326,1169899,68.20%,5426,361702,EC
OA6_S0.13,907086,870987,401902,46.10%,3645,134837,HTC
OA6_S0.14,2351793,2348755,1534390,65.30%,5511,331634,EC
OA6_S0.15,1811031,1807766,1260721,69.70%,4840,305246,EC
OA6_S0.16,2163785,2160645,1422122,65.80%,4529,372927,preHTC
OA6_S0.17,2174368,2161105,1419588,65.70%,5753,421961,EC
OA6_S0.18,1556311,1552375,896316,57.70%,4708,190876,RegC
OA6_S0.19,1815782,1813522,1321315,72.90%,4888,337811,EC
OA6_S0.20,672571,667768,372560,55.80%,4103,114079,RegC
OA6_S0.21,468054,465906,295240,63.40%,3700,153356,EC
OA6_S0.22,2173449,2169122,1329837,61.30%,5342,341527,EC
OA6_S0.23,87418,84272,25193,29.90%,2523,13267,
OA6_S0.24,628408,627033,414234,66.10%,3738,156706,HomC
OA6_S0.25,2509913,2505126,1392096,55.60%,5822,377120,RegC
OA6_S0.26,1172230,1170251,750107,64.10%,3782,213315,HomC
OA6_S0.27,1117945,1115769,752273,67.40%,3912,156391,RegC
OA6_S0.28,749249,742894,429433,57.80%,3441,102412,RegC
OA6_S0.29,3725809,3719864,2606237,70.10%,6846,549458,EC
OA6_S0.30,2923715,2913246,2042335,70.10%,5697,711015,EC
OA6_S0.31,617606,616378,394633,64.00%,5004,203240,EC
OA6_S0.32,5426097,5420381,3989193,73.60%,8059,1120379,EC
OA6_S1.1,1012495,1010947,680004,67.30%,4649,303176,EC
OA6_S1.2,89580,88188,47571,53.90%,2941,30272,ProC
OA6_S1.3,696295,693600,444624,64.10%,3104,124417,RegC
OA6_S1.4,965288,963064,647029,67.20%,4051,210115,EC
OA6_S1.5,1584672,1582485,1079389,68.20%,4558,286585,HomC
OA6_S1.6,790198,788667,560527,71.10%,3275,180184,RegC
OA6_S1.7,287481,286808,164771,57.40%,3043,77361,HTC
OA6_S1.8,641885,639868,405828,63.40%,3000,134933,RegC
OA6_S1.9,950890,949074,678272,71.50%,3704,267085,EC
OA6_S1.10,1295854,1293038,843578,65.20%,3648,303013,HTC
OA6_S1.11,835086,832602,552043,66.30%,3434,159268,HTC
OA6_S1.12,670724,665691,460803,69.20%,3351,197230,EC
OA6_S1.13,1331854,1329568,901269,67.80%,4455,251183,EC
OA6_S1.14,590135,588442,401776,68.30%,4468,147050,EC
OA6_S1.15,1718629,1715581,1238487,72.20%,4888,291230,EC
OA6_S1.16,1838572,1836019,1335925,72.80%,4525,400480,EC
OA6_S1.17,1762005,1760812,1327870,75.40%,3309,249327,EC
OA6_S1.18,58382,58348,44303,75.90%,908,8598,
OA6_S1.19,1509731,1508298,1096165,72.70%,4145,417143,EC
OA6_S1.20,2531643,2529423,1881374,74.40%,4613,600627,EC
OA6_S1.21,509356,508324,348344,68.50%,3297,147410,ProC
OA6_S1.22,1832351,1831262,1350192,73.70%,4164,349326,ProC
OA6_S1.23,1209501,1207019,869494,72.00%,3850,366737,HomC
OA6_S1.24,227997,227076,160077,70.50%,2795,71593,EC
OA6_S1.25,988781,986622,661706,67.10%,3403,267774,HomC
OA6_S1.26,2411150,2409551,1844295,76.50%,4888,532210,EC
OA6_S1.27,752941,751667,537352,71.50%,3794,186748,EC
OA6_S1.28,2781520,2779892,2120695,76.30%,4861,488228,EC
OA6_S1.29,1894237,1892099,1336128,70.60%,3621,275474,HomC
OA6_S1.30,1781377,1779819,1333292,74.90%,4323,379902,EC
OA6_S1.31,4219323,4214691,3229007,76.60%,6299,681154,HomC
OA6_S1.32,2420500,2418948,1761583,72.80%,4480,408784,EC
OA6_S2.1,3036285,3034404,2119429,69.80%,5068,466327,ProC
OA6_S2.2,2652139,2648206,1844488,69.70%,5155,632826,EC
OA6_S2.3,2243463,2241821,1685711,75.20%,4421,487160,ProC
OA6_S2.4,2049212,2047128,1509183,73.70%,4291,582834,EC
OA6_S2.5,1461639,1456073,1013138,69.60%,3999,495721,EC
OA6_S2.6,2524200,2522320,1841026,73.00%,4327,389837,ProC
OA6_S2.7,2209806,2208624,1603195,72.60%,3923,466389,EC
OA6_S2.8,1092139,1090511,754571,69.20%,3588,367336,ProC
OA6_S2.9,281627,281003,176792,62.90%,3462,65861,ProC
OA6_S2.10,1819939,1818197,1369475,75.30%,3755,398187,ProC
OA6_S2.11,2122375,2120557,1458560,68.80%,4351,415819,ProC
OA6_S2.12,491739,473019,254939,53.90%,3365,101394,EC
OA6_S2.13,9510,9496,6292,66.30%,771,2518,
OA6_S2.14,93016,92637,45597,49.20%,766,5327,
OA6_S2.15,4997316,4994581,3459958,69.30%,5706,1052379,ProC
OA6_S2.16,5436793,5433900,3775274,69.50%,5552,1448979,preHTC
OA6_S2.17,1733557,1732704,1310326,75.60%,3903,247386,preHTC
OA6_S2.18,2478061,2476432,1703407,68.80%,6940,854111,preHTC
OA6_S2.19,152883,152557,90126,59.10%,923,3887,
OA6_S2.20,2526939,2525590,1771152,70.10%,4426,602898,ProC
OA6_S2.21,1226682,1226085,922915,75.30%,3176,178778,EC
OA6_S2.22,1082730,1081999,734576,67.90%,3127,309886,preHTC
OA6_S2.23,1529625,1527251,1083131,70.90%,4503,292186,EC
OA6_S2.24,618356,617835,423431,68.50%,3406,165990,preHTC
OA6_S2.25,1910417,1909416,1427023,74.70%,3715,555175,ProC
OA6_S2.26,692660,690008,478219,69.30%,3060,198043,ProC
OA6_S2.27,1844402,1843033,1304920,70.80%,4040,492375,ProC
OA6_S2.28,1676179,1673982,1163661,69.50%,3727,471448,EC
OA6_S2.29,459737,458691,306266,66.80%,3513,126983,EC
OA6_S2.30,2232039,2229079,1611628,72.30%,4305,646393,ProC
OA6_S2.31,1258786,1257635,895263,71.20%,4166,295335,ProC
OA6_S2.32,2177233,2175840,1647268,75.70%,4738,803897,ProC
OA6_S3.1,2302764,2300420,1427024,62.00%,5599,489646,preHTC
OA6_S3.2,2431766,2429298,1667247,68.60%,5425,592249,ProC
OA6_S3.3,1414569,1408171,706503,50.20%,4718,257236,preHTC
OA6_S3.4,1511307,1508616,969605,64.30%,4680,428151,preHTC
OA6_S3.5,586006,583213,293659,50.40%,4443,134886,preHTC
OA6_S3.6,502602,497770,209867,42.20%,4102,124059,preHTC
OA6_S3.7,1011969,1009506,656448,65.00%,4291,225713,preHTC
OA6_S3.8,408944,406356,172370,42.40%,3414,83287,ProC
OA6_S3.9,869865,868766,524165,60.30%,3704,313155,preHTC
OA6_S3.10,3416064,3413297,2502405,73.30%,6544,753991,preHTC
OA6_S3.11,456393,454093,270006,59.50%,3300,138712,preHTC
OA6_S3.12,1225043,1223227,618485,50.60%,4060,142743,preHTC
OA6_S3.13,1258036,1247127,737655,59.10%,4465,189609,HomC
OA6_S3.14,1795624,1793564,1223849,68.20%,4901,338507,preHTC
OA6_S3.15,1376587,1375082,943422,68.60%,4308,242635,ProC
OA6_S3.16,1966555,1964526,1391790,70.80%,4698,360485,preHTC
OA6_S3.17,3603802,3598160,2469936,68.60%,6633,669647,ProC
OA6_S3.18,2002788,2000778,1339266,66.90%,5305,361581,preHTC
OA6_S3.19,3060982,3056436,2170779,71.00%,5734,655178,preHTC
OA6_S3.20,1015116,1012460,583324,57.60%,4267,217180,preHTC
OA6_S3.21,626128,624545,392195,62.80%,3956,209718,ProC
OA6_S3.22,2393956,2391844,1694934,70.90%,5090,447907,preHTC
OA6_S3.23,156339,151890,23440,15.40%,2274,13806,
OA6_S3.24,1426844,1425484,1033992,72.50%,4781,296900,ProC
OA6_S3.25,1185895,1183110,763863,64.60%,4373,343383,ProC
OA6_S3.26,1839767,1838022,1259250,68.50%,4975,375011,ProC
OA6_S3.27,2106895,2105096,1512987,71.90%,5343,414706,preHTC
OA6_S3.28,770078,767047,386903,50.40%,3361,94607,preHTC
OA6_S3.29,1540003,1538040,1115326,72.50%,4768,247587,preHTC
OA6_S3.30,2425931,2420552,1697321,70.10%,5265,537150,ProC
OA6_S3.31,349761,349161,211284,60.50%,2977,88809,preHTC
OA6_S3.32,5349559,5345772,3866939,72.30%,6924,940995,preHTC
OA6_S4.1,4928943,4925443,3596843,73.00%,7358,1417991,preHTC
OA6_S4.2,170317,168375,85555,50.80%,3080,50063,preHTC
OA6_S4.3,3127936,3124383,2201011,70.40%,5947,662019,preHTC
OA6_S4.4,2084686,2082788,1475468,70.80%,4693,520460,preHTC
OA6_S4.5,2238348,2236485,1526889,68.30%,4290,494040,preHTC
OA6_S4.6,1384259,1383283,1002162,72.40%,3605,304609,preHTC
OA6_S4.7,642067,641287,450224,70.20%,3817,195782,preHTC
OA6_S4.8,2035407,2033752,1555727,76.50%,5299,504922,preHTC
OA6_S4.9,1602130,1600565,1162463,72.60%,4386,535275,preHTC
OA6_S4.10,2510476,2507899,1866686,74.40%,5174,805410,preHTC
OA6_S4.11,1756795,1754345,1206076,68.70%,4154,373779,preHTC
OA6_S4.12,1451652,1449117,1102977,76.10%,4378,458854,preHTC
OA6_S4.13,5548440,5545068,4025453,72.60%,6422,1184599,preHTC
OA6_S4.14,703322,702201,483896,68.90%,3816,190763,preHTC
OA6_S4.15,2926746,2924419,2171049,74.20%,5267,537767,preHTC
OA6_S4.16,2720465,2718497,1979387,72.80%,5294,668275,preHTC
OA6_S4.17,3703424,3700764,2695985,72.80%,5537,681514,preHTC
OA6_S4.18,1340826,1339369,860547,64.30%,3451,236241,HomC
OA6_S4.19,3184129,3181549,2290641,72.00%,5395,848691,preHTC
OA6_S4.20,3102794,3099477,1299915,41.90%,6636,350599,ProC
OA6_S4.21,1301865,1299838,947147,72.90%,4649,463198,preHTC
OA6_S4.22,3597328,3594804,2319711,64.50%,5295,692279,preHTC
OA6_S4.23,2748742,2745091,1947493,70.90%,5292,870845,ProC
OA6_S4.24,683863,681863,478104,70.10%,4525,237513,preHTC
OA6_S4.25,3672391,3668148,2787961,76.00%,7017,1103569,preHTC
OA6_S4.26,2273726,2271645,1764991,77.70%,4978,622419,preHTC
OA6_S4.27,4556800,4552771,3273136,71.90%,7589,1126559,preHTC
OA6_S4.28,3078613,3076617,2284127,74.20%,4477,559893,preHTC
OA6_S4.29,3335773,3332599,2480330,74.40%,5596,698782,preHTC
OA6_S4.30,3057301,3055007,2136357,69.90%,5268,631921,ProC
OA6_S4.31,3963757,3960589,3032773,76.60%,5434,871213,preHTC
OA6_S4.32,2128400,2126850,1633849,76.80%,5082,544384,preHTC
OA7_S0.1,1499601,1496801,910146,60.80%,4328,282333,EC
OA7_S0.2,774754,772571,441138,57.10%,3092,110995,RegC
OA7_S0.3,694082,685030,279784,40.80%,3342,85200,RegC
OA7_S0.4,887016,882442,567353,64.30%,4694,269602,ProC
OA7_S0.5,332740,325146,53423,16.40%,2819,24324,
OA7_S0.6,216653,212585,70969,33.40%,3020,30140,HomC
OA7_S0.7,543224,538528,291424,54.10%,4392,140758,EC
OA7_S0.8,354321,351370,164255,46.70%,3843,80189,ProC
OA7_S0.9,694062,692449,446293,64.50%,4868,256701,EC
OA7_S0.10,1100257,1098228,737842,67.20%,3754,200608,RegC
OA7_S0.11,415141,410535,241203,58.80%,4030,124599,EC
OA7_S0.12,843447,840807,540929,64.30%,4118,172005,RegC
OA7_S0.13,886464,850506,312605,36.80%,3942,100175,HomC
OA7_S0.14,923058,920008,639659,69.50%,4020,180714,ProC
OA7_S0.15,952159,948986,602320,63.50%,3843,194437,RegC
OA7_S0.16,382237,380133,232347,61.10%,2361,66445,RegC
OA7_S0.17,1335801,1324797,822663,62.10%,4420,222145,ProC
OA7_S0.18,1236936,1233460,660231,53.50%,4422,201973,EC
OA7_S0.19,603688,595355,307066,51.60%,3015,86030,RegC
OA7_S0.20,483420,478522,202031,42.20%,3894,89099,EC
OA7_S0.21,509001,506771,272845,53.80%,4420,118157,EC
OA7_S0.22,1146127,1143413,774755,67.80%,4338,206442,ProC
OA7_S0.23,339815,322687,12451,3.90%,1782,7062,
OA7_S0.24,545062,543744,338920,62.30%,3849,118520,RegC
OA7_S0.25,701328,699240,488095,69.80%,4198,208733,EC
OA7_S0.26,1075163,1072823,719182,67.00%,3748,185167,RegC
OA7_S0.27,1280147,1277075,883833,69.20%,4330,241957,EC
OA7_S0.28,561890,554937,321442,57.90%,4949,118407,HomC
OA7_S0.29,1421820,1413910,929242,65.70%,4306,238009,ProC
OA7_S0.30,605860,595299,303107,50.90%,2600,101728,RegC
OA7_S0.31,108272,107823,54742,50.80%,1836,19145,EC
OA7_S0.32,972504,970943,668242,68.80%,4481,196271,EC
OA7_S1.1,835851,834240,558982,67.00%,4235,185861,EC
OA7_S1.2,70399,67695,19876,29.40%,2131,10910,
OA7_S1.3,908065,903359,530417,58.70%,4221,163673,EC
OA7_S1.4,248214,246246,107859,43.80%,1819,32391,HTC
OA7_S1.5,587979,586187,350700,59.80%,3655,106191,HomC
OA7_S1.6,872322,870066,563460,64.80%,4276,289656,EC
OA7_S1.7,213785,212868,119257,56.00%,2929,63100,RegC
OA7_S1.8,1052936,1050391,715258,68.10%,4445,287534,preHTC
OA7_S1.9,1042668,1040170,710168,68.30%,4393,303305,EC
OA7_S1.10,1020196,1017335,697703,68.60%,4048,258725,ProC
OA7_S1.11,936911,933957,605140,64.80%,4896,203196,EC
OA7_S1.12,88237,84771,19807,23.40%,576,1813,
OA7_S1.13,1860233,1857085,1202760,64.80%,5719,319744,EC
OA7_S1.14,205879,204176,107610,52.70%,3247,45601,RegC
OA7_S1.15,1141793,1138549,747618,65.70%,4722,261547,EC
OA7_S1.16,739592,737785,453304,61.40%,3353,168971,HTC
OA7_S1.17,800235,799799,384778,48.10%,1809,41150,HTC
OA7_S1.18,1259882,1259072,961010,76.30%,3397,254880,EC
OA7_S1.19,970774,968904,642652,66.30%,3984,219139,EC
OA7_S1.20,2070689,2068088,1471949,71.20%,5199,471359,EC
OA7_S1.21,502423,501295,308843,61.60%,3065,95442,HomC
OA7_S1.22,1752772,1751292,1219699,69.60%,4254,327606,ProC
OA7_S1.23,1793231,1789498,1248343,69.80%,5657,565415,EC
OA7_S1.24,369003,367341,198594,54.10%,3879,88973,EC
OA7_S1.25,1212386,1209850,825342,68.20%,4299,265591,EC
OA7_S1.26,3491719,3487414,2469197,70.80%,6075,762359,EC
OA7_S1.27,813733,811940,539438,66.40%,3886,164398,EC
OA7_S1.28,2204844,2202971,1468037,66.60%,4858,324428,EC
OA7_S1.29,1919107,1915899,1354442,70.70%,4342,322944,EC
OA7_S1.30,2159291,2157549,1408892,65.30%,4489,318410,ProC
OA7_S1.31,3037709,3033257,2095483,69.10%,5858,533507,RegC
OA7_S1.32,1053267,1052367,657211,62.50%,2890,110438,HomC
OA7_S2.1,3357605,3355523,2351832,70.10%,5622,475248,preHTC
OA7_S2.2,3482939,3476629,2439307,70.20%,5952,769954,HomC
OA7_S2.3,2476013,2473156,1769776,71.60%,4869,579707,ProC
OA7_S2.4,1888175,1885730,1362882,72.30%,4247,401645,RegC
OA7_S2.5,1049794,1044613,731581,70.00%,4009,262673,ProC
OA7_S2.6,9746,9715,6907,71.10%,373,1581,
OA7_S2.7,1329130,1328083,978952,73.70%,3522,385672,RegC
OA7_S2.8,689326,687587,417255,60.70%,3662,152422,RegC
OA7_S2.9,221931,220861,132151,59.80%,3172,55449,preHTC
OA7_S2.10,1145347,1141880,849787,74.40%,3652,379070,preHTC
OA7_S2.11,1709358,1706669,1208552,70.80%,4592,380535,preHTC
OA7_S2.12,375172,343273,149006,43.40%,3086,67848,RegC
OA7_S2.13,1880658,1877995,1320976,70.30%,4283,576399,preHTC
OA7_S2.14,528884,527799,358307,67.90%,3663,198370,preHTC
OA7_S2.15,210336,209576,110155,52.60%,990,3465,
OA7_S2.16,2286022,2284101,1609673,70.50%,4328,508353,preHTC
OA7_S2.17,2767263,2758879,1749711,63.40%,5379,497049,ProC
OA7_S2.18,733638,731645,496525,67.90%,4227,242578,preHTC
OA7_S2.19,1283482,1282040,921682,71.90%,3832,401699,preHTC
OA7_S2.20,2369014,2367319,1657028,70.00%,4574,557340,HomC
OA7_S2.21,224758,223992,139782,62.40%,3273,74564,preHTC
OA7_S2.22,2107285,2105559,1480944,70.30%,4305,720965,ProC
OA7_S2.23,766684,764199,529266,69.30%,3418,197019,preHTC
OA7_S2.24,417250,416590,261833,62.90%,3425,122407,preHTC
OA7_S2.25,1190938,1190160,845619,71.10%,3013,367399,preHTC
OA7_S2.26,450466,447568,291735,65.20%,2677,126283,RegC
OA7_S2.27,1081631,1080453,689714,63.80%,3296,171157,HomC
OA7_S2.28,2269232,2265147,1510953,66.70%,4269,591729,preHTC
OA7_S2.29,625586,624235,402678,64.50%,4052,189079,preHTC
OA7_S2.30,1961106,1955779,1395249,71.30%,4187,550447,preHTC
OA7_S2.31,1234742,1231150,795069,64.60%,4551,314109,preHTC
OA7_S2.32,1342489,1339885,885824,66.10%,3819,452307,ProC
OA7_S3.1,3539517,3536145,2243704,63.50%,5624,679656,preHTC
OA7_S3.2,2674838,2672003,1723605,64.50%,5131,515122,EC
OA7_S3.3,1830258,1825343,1040731,57.00%,4455,366006,preHTC
OA7_S3.4,2184150,2181099,1463874,67.10%,4775,613743,preHTC
OA7_S3.5,768838,764683,374619,49.00%,4206,207002,preHTC
OA7_S3.6,958110,953024,511114,53.60%,4557,336969,preHTC
OA7_S3.7,927687,924882,555867,60.10%,3762,262051,preHTC
OA7_S3.8,460242,459096,267004,58.20%,3138,119136,preHTC
OA7_S3.9,1923062,1920993,1154270,60.10%,5440,632600,preHTC
OA7_S3.10,2642485,2639654,1590894,60.30%,4901,487038,preHTC
OA7_S3.11,1452993,1447956,888657,61.40%,4764,439299,preHTC
OA7_S3.12,1823601,1821881,1128203,61.90%,4269,299261,preHTC
OA7_S3.13,1932439,1908958,1083976,56.80%,4573,377132,preHTC
OA7_S3.14,3449043,3445871,2241109,65.00%,5532,718594,preHTC
OA7_S3.15,1820566,1818579,1233248,67.80%,3897,365569,ProC
OA7_S3.16,951639,950643,628922,66.20%,3548,203408,ProC
OA7_S3.17,4000017,3995150,2688837,67.30%,6082,656203,preHTC
OA7_S3.18,2087305,2085232,1367526,65.60%,4353,320360,ProC
OA7_S3.19,1728525,1724276,1105436,64.10%,4014,333852,preHTC
OA7_S3.20,1416912,1413188,820459,58.10%,5101,298102,preHTC
OA7_S3.21,1385063,1382475,897238,64.90%,5021,464920,preHTC
OA7_S3.22,2307375,2304849,1607588,69.70%,5057,466649,ProC
OA7_S3.23,244494,238385,50260,21.10%,3372,31936,
OA7_S3.24,815287,813947,472210,58.00%,3561,176941,preHTC
OA7_S3.25,1849108,1845036,1162273,63.00%,4002,476355,ProC
OA7_S3.26,6095840,6091327,4156682,68.20%,7318,1229226,preHTC
OA7_S3.27,1486884,1485160,909644,61.20%,3881,228136,ProC
OA7_S3.28,1497685,1492110,852154,57.10%,4637,272659,preHTC
OA7_S3.29,2814156,2809791,1842645,65.60%,4831,467211,preHTC
OA7_S3.30,2558796,2552943,1557204,61.00%,4877,582575,preHTC
OA7_S3.31,616784,615896,379130,61.60%,3651,170422,ProC
OA7_S3.32,2012857,2010811,1297156,64.50%,4394,386018,ProC
OA7_S4.1,204383,203428,75712,37.20%,956,3016,
OA7_S4.2,172627,170232,73070,42.90%,2755,41708,HTC
OA7_S4.3,1111840,1108944,643960,58.10%,3622,171392,HTC
OA7_S4.4,1899562,1897674,1279461,67.40%,4362,379607,HTC
OA7_S4.5,1294742,1293268,753536,58.30%,3954,223471,FC
OA7_S4.6,1804475,1802653,1150433,63.80%,3845,364292,HTC
OA7_S4.7,122046,121745,72884,59.90%,2504,33358,HTC
OA7_S4.8,1681625,1679999,1079059,64.20%,4071,302634,HTC
OA7_S4.9,3629865,3627063,2161365,59.60%,5414,671761,FC
OA7_S4.10,2238052,2235879,1317913,58.90%,4242,332715,HTC
OA7_S4.11,1971007,1968197,1175747,59.70%,4943,320736,HTC
OA7_S4.12,547136,544880,298108,54.70%,2448,123478,HTC
OA7_S4.13,2098400,2096552,1187618,56.60%,4635,277442,HTC
OA7_S4.14,389551,388126,239660,61.70%,2774,94127,HTC
OA7_S4.15,2124369,2121835,1277064,60.20%,4301,318177,HTC
OA7_S4.16,1059051,1057736,719761,68.00%,3334,257857,HTC
OA7_S4.17,2866807,2863823,1921337,67.10%,5015,550863,HTC
OA7_S4.18,1504967,1503543,1000936,66.60%,3527,361784,HTC
OA7_S4.19,1423817,1422635,922768,64.90%,3495,279716,HTC
OA7_S4.20,2050420,2048884,1397092,68.20%,3826,426443,HTC
OA7_S4.21,977947,977121,644535,66.00%,2184,201521,HTC
OA7_S4.22,1335299,1334265,930988,69.80%,3339,337190,HTC
OA7_S4.23,3775863,3772871,2665885,70.70%,5015,919422,HTC
OA7_S4.24,435470,434117,229244,52.80%,2135,84726,HTC
OA7_S4.25,3120656,3117706,2191180,70.30%,6489,805717,HTC
OA7_S4.26,1768808,1767221,1226861,69.40%,3910,400585,FC
OA7_S4.27,1229582,1228071,852808,69.40%,4995,322885,HTC
OA7_S4.28,2417463,2416114,1647193,68.20%,4521,354927,HTC
OA7_S4.29,1882797,1881663,1217510,64.70%,3347,225166,HTC
OA7_S4.30,204801,204656,137042,67.00%,1090,30259,HTC
OA7_S4.31,2104406,2102911,1426377,67.80%,3960,380837,HTC
OA7_S4.32,950098,949411,623995,65.70%,2871,167751,HTC
OA8_S0.1,1844688,1840564,960286,52.20%,4116,291960,HTC
OA8_S0.2,2511566,2505900,1618787,64.60%,4985,397521,EC
OA8_S0.3,1370146,1350672,602276,44.60%,4341,236268,EC
OA8_S0.4,715272,710052,319880,45.10%,2884,103071,HTC
OA8_S0.5,5182,5146,1549,30.10%,158,427,
OA8_S0.6,118590,118095,45268,38.30%,652,1549,
OA8_S0.7,823979,820752,530668,64.70%,4393,163789,EC
OA8_S0.8,151564,148891,17441,11.70%,786,1613,
OA8_S0.9,1071233,1069336,691582,64.70%,4448,325257,EC
OA8_S0.10,2298208,2295589,1586369,69.10%,4513,294262,EC
OA8_S0.11,632049,624373,376780,60.30%,4306,151366,EC
OA8_S0.12,1716637,1710652,1138821,66.60%,4667,320231,EC
OA8_S0.13,1396520,1366308,771257,56.40%,4004,167100,EC
OA8_S0.14,1403453,1398571,861529,61.60%,3757,167454,EC
OA8_S0.15,1583576,1579375,1046228,66.20%,4330,240119,EC
OA8_S0.16,1239024,1235547,758498,61.40%,3737,173185,EC
OA8_S0.17,880997,866725,418206,48.30%,2789,79687,HTC
OA8_S0.18,1396886,1392783,729559,52.40%,4448,170918,EC
OA8_S0.19,1532703,1522925,971775,63.80%,4284,250613,EC
OA8_S0.20,330221,322719,23967,7.40%,1180,3124,
OA8_S0.21,479076,475692,296632,62.40%,3971,119991,EC
OA8_S0.22,1550274,1546547,995736,64.40%,4426,219962,EC
OA8_S0.23,358262,339429,20170,5.90%,2682,10247,
OA8_S0.24,498924,497154,265804,53.50%,3051,74249,HomC
OA8_S0.25,892069,887122,543016,61.20%,3443,198312,EC
OA8_S0.26,2127664,2122823,1374781,64.80%,4903,299587,EC
OA8_S0.27,1798445,1794774,1145099,63.80%,4624,250769,EC
OA8_S0.28,860157,846600,459180,54.20%,5068,144059,EC
OA8_S0.29,1999628,1992216,1297168,65.10%,4416,202525,RegC
OA8_S0.30,2304921,2283310,1453292,63.60%,5554,447264,EC
OA8_S0.31,296282,295198,161210,54.60%,2698,50321,RegC
OA8_S0.32,2379331,2376236,1563522,65.80%,4853,278681,EC
OA8_S1.1,569470,568814,419066,73.70%,2285,90765,HTC
OA8_S1.2,96244,92281,31644,34.30%,2195,15835,HTC
OA8_S1.3,1812511,1804809,1141590,63.30%,4928,401757,HTC
OA8_S1.4,1291475,1288339,866952,67.30%,4684,266519,HTC
OA8_S1.5,1719595,1716340,919020,53.50%,5005,204033,EC
OA8_S1.6,1185800,1183787,831544,70.20%,3241,178125,HTC
OA8_S1.7,71331,70717,18295,25.90%,398,778,
OA8_S1.8,237275,236225,87823,37.20%,715,1981,
OA8_S1.9,1426526,1424256,905001,63.50%,4044,265350,HTC
OA8_S1.10,1346462,1343615,876477,65.20%,3991,299359,HTC
OA8_S1.11,617875,614769,327732,53.30%,2962,97262,HTC
OA8_S1.12,473237,467555,264386,56.50%,3145,122210,HTC
OA8_S1.13,898212,895617,547318,61.10%,3398,138553,HTC
OA8_S1.14,398045,395005,228978,58.00%,3601,77380,HTC
OA8_S1.15,1326714,1323226,834094,63.00%,3612,139761,RegC
OA8_S1.16,2157699,2154927,1534124,71.20%,4373,347548,HTC
OA8_S1.17,1645156,1637714,1069223,65.30%,3801,355239,HTC
OA8_S1.18,1697338,1694272,1027640,60.70%,4262,392249,HTC
OA8_S1.19,1041000,1038647,602403,58.00%,3675,225825,HTC
OA8_S1.20,2153972,2149510,1409992,65.60%,4265,431751,HTC
OA8_S1.21,603188,600427,362710,60.40%,3362,163418,HTC
OA8_S1.22,2595500,2593014,1765496,68.10%,4845,617747,HTC
OA8_S1.23,1175109,1169078,768037,65.70%,3677,346941,HTC
OA8_S1.24,686203,682510,215133,31.50%,3802,95025,HTC
OA8_S1.25,704322,700663,422291,60.30%,3036,146124,HTC
OA8_S1.26,2184268,2180102,1491089,68.40%,4634,439252,HTC
OA8_S1.27,163737,161369,49982,31.00%,705,2814,
OA8_S1.28,1257936,1255858,856883,68.20%,3105,180913,HTC
OA8_S1.29,3054045,3047309,1736946,57.00%,4718,338196,HTC
OA8_S1.30,1754965,1752237,1043436,59.50%,3826,208612,HTC
OA8_S1.31,2889344,2878989,1684225,58.50%,4885,399501,HTC
OA8_S1.32,1817905,1816353,1247289,68.70%,4051,323537,HTC
OA8_S2.1,2215233,2212682,1328494,60.00%,4368,310208,ProC
OA8_S2.2,2231324,2224850,1504579,67.60%,4687,511853,ProC
OA8_S2.3,2405612,2403037,1618125,67.30%,4763,512913,ProC
OA8_S2.4,1787460,1781498,1196811,67.20%,4160,420609,ProC
OA8_S2.5,588325,573419,345678,60.30%,2970,141350,ProC
OA8_S2.6,2372945,2369067,1605914,67.80%,4597,404140,ProC
OA8_S2.7,1108337,1107300,758873,68.50%,3832,252199,HomC
OA8_S2.8,1230507,1226458,783426,63.90%,4217,300774,EC
OA8_S2.9,289347,288416,176770,61.30%,3981,69674,ProC
OA8_S2.10,1359108,1354579,992127,73.20%,4780,445750,HomC
OA8_S2.11,1648573,1646514,1205033,73.20%,4122,315221,ProC
OA8_S2.12,545186,483573,117128,24.20%,2766,39137,
OA8_S2.13,1743973,1741018,1157843,66.50%,3569,431795,ProC
OA8_S2.14,435229,433662,261708,60.30%,3306,137868,HomC
OA8_S2.15,2094583,2092712,1515492,72.40%,4472,460750,ProC
OA8_S2.16,2498175,2495753,1775517,71.10%,4314,552610,EC
OA8_S2.17,2426956,2415178,1111659,46.00%,4671,347528,ProC
OA8_S2.18,494240,491922,298819,60.70%,3354,130898,ProC
OA8_S2.19,1178035,1176486,836543,71.10%,3667,372631,EC
OA8_S2.20,2135347,2132683,1501214,70.40%,4194,503420,ProC
OA8_S2.21,537584,535272,298055,55.70%,5223,159015,ProC
OA8_S2.22,2562479,2559972,1557451,60.80%,4266,612597,preHTC
OA8_S2.23,1025966,1018111,642797,63.10%,3805,196125,ProC
OA8_S2.24,467811,466855,284391,60.90%,3806,144952,ProC
OA8_S2.25,3015042,3012859,2154996,71.50%,5271,993709,preHTC
OA8_S2.26,930241,920823,564387,61.30%,4303,285925,ProC
OA8_S2.27,1557822,1554735,1051281,67.60%,4434,386512,ProC
OA8_S2.28,1558479,1550340,1041151,67.20%,3896,441077,ProC
OA8_S2.29,408428,405190,191817,47.30%,3409,88793,ProC
OA8_S2.30,1725512,1718842,1164890,67.80%,4502,402057,ProC
OA8_S2.31,1061520,1054518,522054,49.50%,4407,167879,ProC
OA8_S2.32,1964930,1959628,1068300,54.50%,6087,556578,HomC
OA8_S3.1,2787604,2785688,1884284,67.60%,6298,827288,ProC
OA8_S3.2,275545,273485,142606,52.10%,4637,79251,ProC
OA8_S3.3,2489785,2485790,1617098,65.10%,5235,588336,ProC
OA8_S3.4,1399413,1397680,889920,63.70%,4725,374017,ProC
OA8_S3.5,1823302,1821606,1183243,65.00%,4628,418985,ProC
OA8_S3.6,3124856,3122685,1207648,38.70%,5004,474107,ProC
OA8_S3.7,444446,443816,279544,63.00%,3644,147092,ProC
OA8_S3.8,1157116,1155736,751017,65.00%,3967,303971,ProC
OA8_S3.9,4356599,4353330,2595501,59.60%,6886,1195756,ProC
OA8_S3.10,2078700,2076880,1294071,62.30%,4940,503222,ProC
OA8_S3.11,1246339,1244431,756794,60.80%,3895,211848,ProC
OA8_S3.12,934733,931223,609384,65.40%,4191,318959,ProC
OA8_S3.13,3781121,3779121,2596431,68.70%,6210,774817,ProC
OA8_S3.14,1224447,1223058,796538,65.10%,5525,343969,preHTC
OA8_S3.15,2200901,2199358,1533994,69.70%,4556,381862,ProC
OA8_S3.16,2772188,2770516,1826833,65.90%,5105,612138,preHTC
OA8_S3.17,3094066,3087319,1879195,60.90%,4815,435370,ProC
OA8_S3.18,2894800,2891168,1969362,68.10%,4870,772003,ProC
OA8_S3.19,2377293,2373873,1527918,64.40%,4838,692012,preHTC
OA8_S3.20,2513182,2510028,1623848,64.70%,4549,592763,ProC
OA8_S3.21,141904,140171,37787,27.00%,507,3235,
OA8_S3.22,1947158,1944805,1305059,67.10%,4055,555129,EC
OA8_S3.23,1318075,1313770,815985,62.10%,3524,373344,ProC
OA8_S3.24,481619,479092,286089,59.70%,3581,128243,ProC
OA8_S3.25,7006930,6999208,4346007,62.10%,7591,1660916,ProC
OA8_S3.26,3544899,3541494,2436113,68.80%,4804,885178,ProC
OA8_S3.27,1184902,1182876,795996,67.30%,4271,263907,ProC
OA8_S3.28,1842794,1841322,1077726,58.50%,3681,240228,ProC
OA8_S3.29,2626635,2624996,1834858,69.90%,4293,417778,ProC
OA8_S3.30,3775497,3772561,1854894,49.20%,4769,451078,ProC
OA8_S3.31,3008007,3005367,1978979,65.80%,5075,456973,EC
OA8_S3.32,2636315,2634381,1756633,66.70%,4601,411502,ProC
OA8_S4.1,4426958,4423209,2612510,59.10%,6152,675705,HTC
OA8_S4.2,1987868,1981434,954595,48.20%,3850,361452,HTC
OA8_S4.3,1977133,1974191,1187777,60.20%,3772,398086,HTC
OA8_S4.4,1750317,1746747,1162145,66.50%,3557,408260,HTC
OA8_S4.5,1446908,1436536,876502,61.00%,4981,360339,HTC
OA8_S4.6,2160599,2158473,1342641,62.20%,3636,298414,HTC
OA8_S4.7,1109893,1109169,741025,66.80%,2883,191866,HTC
OA8_S4.8,1111076,1109377,713778,64.30%,3000,218220,HTC
OA8_S4.9,569225,568456,303835,53.40%,4591,134363,HTC
OA8_S4.10,1410384,1405995,840132,59.80%,3181,337564,HTC
OA8_S4.11,1526346,1523898,650110,42.70%,3481,146534,HTC
OA8_S4.12,685984,610634,83428,13.70%,2193,33270,
OA8_S4.13,238050,235404,115976,49.30%,1855,7166,
OA8_S4.14,496558,494946,290344,58.70%,2586,123655,HTC
OA8_S4.15,1838432,1836954,1209401,65.80%,3702,301814,HTC
OA8_S4.16,1745843,1744247,1107517,63.50%,3060,266585,HTC
OA8_S4.17,2126748,2119550,1092188,51.50%,3859,224072,HTC
OA8_S4.18,521818,520598,284510,54.70%,2721,102914,HTC
OA8_S4.19,1695369,1693630,1072276,63.30%,4848,480194,HTC
OA8_S4.20,1787058,1785462,1103911,61.80%,3441,358862,HTC
OA8_S4.21,188914,188139,112057,59.60%,2848,55892,HTC
OA8_S4.22,2316436,2314400,1447397,62.50%,4177,507682,HTC
OA8_S4.23,1103204,1097330,618604,56.40%,3476,220639,HTC
OA8_S4.24,424867,424208,241205,56.90%,3151,93248,HTC
OA8_S4.25,1987011,1985545,1165804,58.70%,4327,466094,HTC
OA8_S4.26,285085,281294,137790,49.00%,2537,68005,HTC
OA8_S4.27,214180,212407,71383,33.60%,1120,5080,
OA8_S4.28,2009911,2004653,1202153,60.00%,3676,403553,HTC
OA8_S4.29,333717,331314,180842,54.60%,3171,94863,HTC
OA8_S4.30,4895985,4889952,3104468,63.50%,6229,873755,HTC
OA8_S4.31,2023296,2020625,1045578,51.70%,5074,285593,HTC
OA8_S4.32,1212767,1210234,667558,55.20%,3536,293220,HTC
OA9_S0.1,2183534,2182495,1203504,55.10%,4719,394475,HomC
OA9_S0.2,2876866,2875462,2036635,70.80%,5562,793236,EC
OA9_S0.3,1231232,1228952,811185,66.00%,4630,285593,EC
OA9_S0.4,1640144,1639123,1217491,74.30%,4671,485945,RegC
OA9_S0.5,484863,483785,307707,63.60%,3494,139126,RegC
OA9_S0.6,290144,289396,178934,61.80%,3494,90539,RegC
OA9_S0.7,346283,344779,196597,57.00%,3075,94993,RegC
OA9_S0.8,302817,302096,177184,58.70%,3588,87785,RegC
OA9_S0.9,1225000,1224353,719992,58.80%,4490,340049,EC
OA9_S0.10,1813133,1812169,1192972,65.80%,4450,394751,RegC
OA9_S0.11,495944,495022,335785,67.80%,3253,180520,RegC
OA9_S0.12,1967876,1966660,1463743,74.40%,5152,461569,RegC
OA9_S0.13,987147,981867,611171,62.20%,3352,136446,HomC
OA9_S0.14,2417408,2416242,1498320,62.00%,4961,323286,ProC
OA9_S0.15,1911924,1910949,1285219,67.30%,4259,289851,HTC
OA9_S0.16,1258817,1257952,909054,72.30%,3837,307553,RegC
OA9_S0.17,2364244,2361420,1425595,60.40%,4942,359374,RegC
OA9_S0.18,1918303,1917421,1366157,71.20%,5055,398637,RegC
OA9_S0.19,1310723,1309276,894433,68.30%,3923,299392,RegC
OA9_S0.20,596749,595730,342250,57.50%,3596,120515,RegC
OA9_S0.21,435340,434872,313781,72.20%,3825,177842,EC
OA9_S0.22,2432463,2431413,1609355,66.20%,4654,416312,RegC
OA9_S0.23,73633,72440,26059,36.00%,2114,13669,RegC
OA9_S0.24,979292,978665,697173,71.20%,4411,265466,HomC
OA9_S0.25,1677052,1675663,1238432,73.90%,5212,558160,EC
OA9_S0.26,1843322,1842293,1223530,66.40%,4379,320998,RegC
OA9_S0.27,1846796,1845873,1126003,61.00%,4396,250431,RegC
OA9_S0.28,813229,810699,518492,64.00%,4589,186703,RegC
OA9_S0.29,1788513,1787545,1338413,74.90%,4492,287716,RegC
OA9_S0.30,2753916,2751333,1961820,71.30%,5353,583486,HomC
OA9_S0.31,378695,378454,249123,65.80%,3670,104778,RegC
OA9_S0.32,2188913,2187923,1564174,71.50%,4994,445666,EC
OA9_S1.1,1077142,1076666,571273,53.10%,3276,179715,HomC
OA9_S1.2,94493,94278,51217,54.30%,3012,27931,EC
OA9_S1.3,2223040,2221698,1403325,63.20%,5302,416062,EC
OA9_S1.4,1705771,1704787,1053979,61.80%,4903,347133,RegC
OA9_S1.5,1427365,1426653,874214,61.30%,3962,187735,HomC
OA9_S1.6,2439282,2438065,1706720,70.00%,5104,439606,ProC
OA9_S1.7,317660,317487,162562,51.20%,2539,51325,FC
OA9_S1.8,2592599,2591483,1883380,72.70%,5329,580211,EC
OA9_S1.9,3226481,3224801,1835402,56.90%,5654,362293,RegC
OA9_S1.10,1300518,1299556,672159,51.70%,3467,157938,RegC
OA9_S1.11,1809975,1808925,1257192,69.50%,4759,374484,RegC
OA9_S1.12,318987,318071,107149,33.70%,2676,26039,RegC
OA9_S1.13,1120351,1119803,707343,63.20%,3489,148006,HomC
OA9_S1.14,18985,18976,12700,66.90%,329,2372,
OA9_S1.15,2706038,2704938,1675879,62.00%,4980,333502,RegC
OA9_S1.16,2175023,2173973,1414050,65.00%,4453,366949,HomC
OA9_S1.17,2638815,2636399,1749659,66.40%,5067,510223,RegC
OA9_S1.18,3122293,3120177,1953101,62.60%,5281,598823,RegC
OA9_S1.19,1774985,1773763,792748,44.70%,4419,173097,RegC
OA9_S1.20,1582911,1581416,974636,61.60%,4027,244443,HTC
OA9_S1.21,499295,498686,326857,65.50%,3398,118884,RegC
OA9_S1.22,1837035,1835953,1256269,68.40%,4588,246238,HomC
OA9_S1.23,3349164,3346185,2187091,65.40%,7569,802836,RegC
OA9_S1.24,319357,318495,199702,62.70%,3210,81130,EC
OA9_S1.25,403576,402492,219996,54.70%,2296,63901,HTC
OA9_S1.26,1941079,1939418,1335628,68.90%,4739,421257,RegC
OA9_S1.27,854323,853306,561573,65.80%,4570,193421,EC
OA9_S1.28,1958246,1957154,1150235,58.80%,4731,163763,RegC
OA9_S1.29,2225197,2223587,1638720,73.70%,4889,381416,RegC
OA9_S1.30,3362766,3360790,2358973,70.20%,5819,461738,HomC
OA9_S1.31,3757794,3755395,2526346,67.30%,6135,569812,HomC
OA9_S1.32,3942117,3939861,2538681,64.40%,6160,452064,FC
OA9_S2.1,5872811,5870026,4317699,73.60%,7111,1197639,preHTC
OA9_S2.2,3002207,3000155,1864119,62.10%,5225,540567,preHTC
OA9_S2.3,1428673,1427334,1028247,72.00%,4165,398424,RegC
OA9_S2.4,2021561,2019863,1451507,71.90%,4432,526911,preHTC
OA9_S2.5,1256354,1254016,792065,63.20%,4251,288935,preHTC
OA9_S2.6,2289950,2288380,1748906,76.40%,5134,393613,preHTC
OA9_S2.7,3928194,3926099,2855924,72.70%,6674,873440,ProC
OA9_S2.8,958107,957139,700956,73.20%,3948,285626,preHTC
OA9_S2.9,182069,181819,127592,70.20%,2856,59483,ProC
OA9_S2.10,1465847,1463866,1109741,75.80%,4377,531668,EC
OA9_S2.11,2441148,2439424,1782605,73.10%,5619,549840,preHTC
OA9_S2.12,292695,286736,191649,66.80%,3105,89190,ProC
OA9_S2.13,1885526,1884117,1476715,78.40%,4781,582040,ProC
OA9_S2.14,1006785,1006049,722664,71.80%,4478,329372,preHTC
OA9_S2.15,1594897,1593859,1092271,68.50%,4239,388185,preHTC
OA9_S2.16,2052213,2050764,1473056,71.80%,4620,543386,preHTC
OA9_S2.17,1574606,1571727,1114438,70.90%,4793,413095,ProC
OA9_S2.18,430448,429902,298558,69.40%,3553,135673,ProC
OA9_S2.19,1642430,1641410,1134470,69.10%,4536,524418,ProC
OA9_S2.20,3062438,3060854,2089091,68.30%,5517,755300,preHTC
OA9_S2.21,255105,254838,182600,71.70%,3214,82050,ProC
OA9_S2.22,3534417,3532654,2242612,63.50%,5736,795161,preHTC
OA9_S2.23,1132915,1131415,689925,61.00%,4633,275858,preHTC
OA9_S2.24,172908,172695,116504,67.50%,2416,52746,RegC
OA9_S2.25,2710638,2709154,1960578,72.40%,4934,929191,preHTC
OA9_S2.26,959305,957659,682165,71.20%,4585,347762,EC
OA9_S2.27,164148,163762,90281,55.10%,1310,5634,
OA9_S2.28,2222625,2220491,1518297,68.40%,6241,712602,EC
OA9_S2.29,1024627,1023787,716042,69.90%,5859,370607,preHTC
OA9_S2.30,1520471,1519156,1063848,70.00%,4206,357152,RegC
OA9_S2.31,1146056,1145001,813249,71.00%,4394,299524,preHTC
OA9_S2.32,1650728,1649646,1048590,63.60%,4374,518919,ProC
OA9_S3.1,1421878,1418844,823245,58.00%,3981,316605,ProC
OA9_S3.2,1660129,1656624,1030219,62.20%,4235,326738,ProC
OA9_S3.3,1245900,1237026,660447,53.40%,4518,255928,ProC
OA9_S3.4,423168,419421,205617,49.00%,3196,105650,ProC
OA9_S3.5,480829,475488,157283,33.10%,3569,79423,ProC
OA9_S3.6,356309,353373,158875,45.00%,3412,89269,ProC
OA9_S3.7,578854,575421,308671,53.60%,3777,147412,ProC
OA9_S3.8,295460,292865,110048,37.60%,2921,46325,ProC
OA9_S3.9,1798577,1796092,1110132,61.80%,6078,571708,ProC
OA9_S3.10,1850950,1847729,978073,52.90%,4237,282940,EC
OA9_S3.11,496231,491897,275449,56.00%,3962,132449,ProC
OA9_S3.12,505242,502285,275064,54.80%,2813,98624,ProC
OA9_S3.13,2188982,2154906,1164627,54.00%,5238,392492,ProC
OA9_S3.14,1167847,1165761,760262,65.20%,3303,193220,ProC
OA9_S3.15,1913659,1911326,1279389,66.90%,4000,335348,ProC
OA9_S3.16,1588546,1585794,1027670,64.80%,3930,285751,ProC
OA9_S3.17,2407946,2397394,1560036,65.10%,4824,376246,ProC
OA9_S3.18,1421673,1418980,874594,61.60%,4168,234415,ProC
OA9_S3.19,1833307,1825724,1159871,63.50%,4279,335228,ProC
OA9_S3.20,528766,525586,224928,42.80%,3443,80385,ProC
OA9_S3.21,472477,470918,292508,62.10%,3521,126139,ProC
OA9_S3.22,1243143,1240713,823951,66.40%,3653,239612,ProC
OA9_S3.23,80926,77949,12656,16.20%,1476,6489,
OA9_S3.24,641389,640010,353959,55.30%,3592,131115,ProC
OA9_S3.25,1092922,1088237,685017,62.90%,3828,313756,ProC
OA9_S3.26,1770499,1766514,1121238,63.50%,4692,356118,EC
OA9_S3.27,1014675,1012028,638065,63.00%,3666,202538,ProC
OA9_S3.28,728188,719574,330367,45.90%,3807,112552,ProC
OA9_S3.29,1537539,1532895,892714,58.20%,3780,189478,ProC
OA9_S3.30,2082522,2072582,1267069,61.10%,4414,397440,ProC
OA9_S3.31,345825,345106,200896,58.20%,3479,83915,ProC
OA9_S3.32,2109998,2106818,1368691,65.00%,4753,402788,ProC
OA9_S4.1,761016,759568,442240,58.20%,3434,186224,preHTC
OA9_S4.2,120387,118423,50053,42.30%,3009,32084,ProC
OA9_S4.3,1488030,1484501,896352,60.40%,4362,328761,preHTC
OA9_S4.4,150558,149267,48674,32.60%,933,5614,
OA9_S4.5,1589098,1586571,982452,61.90%,4188,328096,preHTC
OA9_S4.6,3556865,3552436,2333040,65.70%,5969,725472,preHTC
OA9_S4.7,65320,64720,19581,30.30%,437,3088,
OA9_S4.8,1419955,1417524,851778,60.10%,3480,305014,preHTC
OA9_S4.9,1648700,1646420,1053012,64.00%,4245,393415,preHTC
OA9_S4.10,1157123,1154992,800887,69.30%,4264,323001,preHTC
OA9_S4.11,1602883,1599754,981963,61.40%,4475,345620,preHTC
OA9_S4.12,711377,707848,412536,58.30%,3920,192884,preHTC
OA9_S4.13,1944477,1942135,1278939,65.90%,4350,337600,preHTC
OA9_S4.14,1359361,1357422,903716,66.60%,5365,299378,preHTC
OA9_S4.15,2038078,2035369,1380984,67.80%,4318,393457,preHTC
OA9_S4.16,731123,730338,481914,66.00%,3836,177310,ProC
OA9_S4.17,2976304,2973473,1877254,63.10%,5057,495534,preHTC
OA9_S4.18,1642139,1640574,1131012,68.90%,5227,430996,ProC
OA9_S4.19,206810,205883,80249,39.00%,2597,14649,preHTC
OA9_S4.20,1449567,1448076,964163,66.60%,4338,321177,preHTC
OA9_S4.21,506587,505538,338759,67.00%,4409,184036,ProC
OA9_S4.22,1350254,1349068,839769,62.20%,4083,265224,preHTC
OA9_S4.23,1024987,1022682,677255,66.20%,4177,291207,preHTC
OA9_S4.24,50145,49292,17220,34.90%,628,2477,
OA9_S4.25,1563418,1560912,743574,47.60%,4775,291129,preHTC
OA9_S4.26,774666,773299,434039,56.10%,3225,143703,preHTC
OA9_S4.27,950416,949090,599765,63.20%,4978,221078,preHTC
OA9_S4.28,2448241,2446417,1628190,66.60%,5013,400000,preHTC
OA9_S4.29,2638019,2636298,1596035,60.50%,5253,318657,preHTC
OA9_S4.30,2078055,2076276,1302904,62.80%,4897,389470,preHTC
OA9_S4.31,2129296,2125877,1316609,61.90%,5015,456017,preHTC
OA9_S4.32,1501513,1500261,1028853,68.60%,4375,283061,preHTC
OA10_S0.1,1688176,1686246,943161,55.90%,4788,273439,EC
OA10_S0.2,1744655,1741289,1037925,59.60%,4585,266725,EC
OA10_S0.3,1426925,1412385,552668,39.10%,4978,167117,EC
OA10_S0.4,587116,584806,281197,48.10%,2961,95989,HomC
OA10_S0.5,259239,249994,23638,9.50%,1198,6957,
OA10_S0.6,250927,245608,74695,30.40%,2963,34893,EC
OA10_S0.7,534576,525454,203997,38.80%,4169,92684,HomC
OA10_S0.8,298257,290981,64258,22.10%,2579,31452,
OA10_S0.9,511445,510686,283792,55.60%,3511,143455,EC
OA10_S0.10,1751418,1748489,521451,29.80%,3812,154718,
OA10_S0.11,400210,396146,220680,55.70%,4329,99409,HomC
OA10_S0.12,919569,915505,531072,58.00%,4494,186285,HomC
OA10_S0.13,1632662,1572573,736586,46.80%,6020,261103,EC
OA10_S0.14,1063236,1060900,683202,64.40%,4019,195094,EC
OA10_S0.15,682206,676144,180260,26.70%,2325,44779,
OA10_S0.16,815520,813020,79867,9.80%,1053,2731,
OA10_S0.17,1652360,1635410,952823,58.30%,5342,317561,EC
OA10_S0.18,792414,790411,426468,54.00%,4314,130700,EC
OA10_S0.19,479748,468559,145473,31.00%,1898,40680,HTC
OA10_S0.20,517590,511552,173432,33.90%,4221,71126,EC
OA10_S0.21,381958,380944,246329,64.70%,3182,91521,EC
OA10_S0.22,2161531,2160001,1643721,76.10%,5693,391117,HomC
OA10_S0.23,194825,184435,13589,7.40%,1831,8101,
OA10_S0.24,590537,589818,366100,62.10%,3586,124118,HomC
OA10_S0.25,749388,744274,461324,62.00%,3621,199527,EC
OA10_S0.26,1115995,1112006,731917,65.80%,4423,227230,EC
OA10_S0.27,1028585,1026599,644931,62.80%,4039,182909,EC
OA10_S0.28,516728,509712,282111,55.30%,3504,85373,EC
OA10_S0.29,1211911,1205760,811179,67.30%,5038,190945,EC
OA10_S0.30,1702803,1686693,1169622,69.30%,4531,411034,EC
OA10_S0.31,161561,160970,56850,35.30%,1964,14454,RegC
OA10_S0.32,1010583,1009467,701555,69.50%,3768,185610,EC
OA10_S1.1,668124,667428,411892,61.70%,3753,145104,EC
OA10_S1.2,644867,644536,389456,60.40%,3205,113326,HomC
OA10_S1.3,1140341,1135703,487779,42.90%,3850,135026,EC
OA10_S1.4,826096,824375,500167,60.70%,4872,166554,EC
OA10_S1.5,4410,4369,1812,41.50%,241,490,
OA10_S1.6,445645,444556,268567,60.40%,2581,77413,RegC
OA10_S1.7,61315,60674,16216,26.70%,512,3009,
OA10_S1.8,1226290,1223928,781714,63.90%,4186,286675,EC
OA10_S1.9,997285,996054,606525,60.90%,4549,259522,HomC
OA10_S1.10,677567,674764,397945,59.00%,3239,162625,ProC
OA10_S1.11,600836,598343,343124,57.30%,2953,113330,EC
OA10_S1.12,134514,130495,51249,39.30%,1302,17423,HomC
OA10_S1.13,127415,126464,31685,25.10%,554,1254,
OA10_S1.14,307974,307117,159777,52.00%,3244,53814,EC
OA10_S1.15,564216,562760,330882,58.80%,2235,71538,HTC
OA10_S1.16,549032,548016,363506,66.30%,2574,99877,RegC
OA10_S1.17,1715917,1711863,1015214,59.30%,4589,225211,RegC
OA10_S1.18,1485953,1483051,861605,58.10%,3915,351711,preHTC
OA10_S1.19,1766810,1764019,1025234,58.10%,5418,338311,EC
OA10_S1.20,1326142,1324354,852581,64.40%,4276,246117,RegC
OA10_S1.21,1596831,1594174,611288,38.30%,5174,234988,EC
OA10_S1.22,1926240,1924925,1265754,65.80%,4545,281917,EC
OA10_S1.23,1438308,1436032,904430,63.00%,4206,307412,preHTC
OA10_S1.24,208114,204567,72537,35.50%,2384,23020,RegC
OA10_S1.25,1463179,1459186,859039,58.90%,5128,311914,EC
OA10_S1.26,854281,852116,548661,64.40%,3236,145760,RegC
OA10_S1.27,1941722,1939332,1125688,58.00%,6430,335827,preHTC
OA10_S1.28,2809077,2807447,1563492,55.70%,5626,229351,HomC
OA10_S1.29,2436899,2431163,1510295,62.10%,5789,490123,EC
OA10_S1.30,1185476,1183610,757110,64.00%,4193,241676,ProC
OA10_S1.31,3239476,3232240,2160596,66.80%,6345,636795,EC
OA10_S1.32,1729917,1728675,1187879,68.70%,5093,315323,EC
OA10_S2.1,4041693,4038921,2409196,59.60%,6269,738164,EC
OA10_S2.2,1827782,1820436,1053014,57.80%,4926,351157,HomC
OA10_S2.3,2701187,2698478,1737848,64.40%,5615,544539,EC
OA10_S2.4,1368229,1365845,894253,65.50%,3920,264206,RegC
OA10_S2.5,767115,758195,483276,63.70%,3954,206449,preHTC
OA10_S2.6,2144118,2141699,1318095,61.50%,4629,317803,preHTC
OA10_S2.7,1394348,1393551,982427,70.50%,4145,328335,EC
OA10_S2.8,1007581,1004997,652905,65.00%,4742,284314,EC
OA10_S2.9,230400,229416,134181,58.50%,4064,75417,EC
OA10_S2.10,865987,862342,570396,66.10%,3780,250405,ProC
OA10_S2.11,2368971,2366331,1619345,68.40%,6745,496142,EC
OA10_S2.12,471248,438228,198141,45.20%,3421,85445,ProC
OA10_S2.13,1784038,1780694,1132473,63.60%,4755,551442,EC
OA10_S2.14,756191,754539,498370,66.00%,5703,279128,HomC
OA10_S2.15,4416963,4413839,2626812,59.50%,6339,880146,EC
OA10_S2.16,3783159,3780138,2327540,61.60%,6243,797800,preHTC
OA10_S2.17,4373455,4364215,2479592,56.80%,7206,738332,EC
OA10_S2.18,601446,600261,222818,37.10%,3179,105332,preHTC
OA10_S2.19,1128992,1128481,764265,67.70%,3652,216254,EC
OA10_S2.20,1241994,1240704,730872,58.90%,4027,192993,ProC
OA10_S2.21,270895,269146,160684,59.70%,3962,93893,EC
OA10_S2.22,2522644,2521414,1669850,66.20%,4951,484564,HomC
OA10_S2.23,1125126,1120112,768900,68.60%,5494,298181,HomC
OA10_S2.24,505740,505169,125694,24.90%,3256,29065,
OA10_S2.25,2200097,2199037,1531547,69.60%,4933,643170,EC
OA10_S2.26,1636588,1634218,877439,53.70%,5206,363431,EC
OA10_S2.27,1149423,1148256,761154,66.30%,4017,220932,ProC
OA10_S2.28,1306338,1303313,750937,57.60%,4483,259432,EC
OA10_S2.29,371124,370252,220794,59.60%,2972,84014,EC
OA10_S2.30,1261299,1254918,730440,58.20%,3932,223526,HomC
OA10_S2.31,748672,747353,412449,55.20%,3175,97618,EC
OA10_S2.32,1595759,1593137,950555,59.70%,4899,454719,ProC
OA10_S3.1,1775426,1774032,1042799,58.80%,4386,325440,ProC
OA10_S3.2,1358775,1357688,816797,60.20%,3675,227336,preHTC
OA10_S3.3,1632163,1629433,1021190,62.70%,4434,309053,ProC
OA10_S3.4,650951,649476,395153,60.80%,3882,186177,ProC
OA10_S3.5,653686,652285,345558,53.00%,3519,156210,preHTC
OA10_S3.6,338836,338172,188904,55.90%,2987,93570,ProC
OA10_S3.7,721475,719815,436931,60.70%,3682,234806,ProC
OA10_S3.8,359621,358941,193103,53.80%,3215,87758,ProC
OA10_S3.9,2117763,2116337,1320955,62.40%,5785,697938,ProC
OA10_S3.10,1230262,1229332,713923,58.10%,3699,184793,HTC
OA10_S3.11,471820,470022,294438,62.60%,3122,146300,ProC
OA10_S3.12,604133,603186,374300,62.10%,4393,144473,EC
OA10_S3.13,1723203,1712695,1022825,59.70%,4628,328868,ProC
OA10_S3.14,2506314,2504901,1600129,63.90%,4889,430368,preHTC
OA10_S3.15,958845,958411,617047,64.40%,3408,167159,ProC
OA10_S3.16,646013,645343,412537,63.90%,2694,136592,ProC
OA10_S3.17,2717027,2713316,1795454,66.20%,5375,493776,ProC
OA10_S3.18,1379233,1377972,796198,57.80%,3838,216158,RegC
OA10_S3.19,1636698,1634037,1090097,66.70%,4360,352602,ProC
OA10_S3.20,220629,219264,51293,23.40%,1506,4858,
OA10_S3.21,427332,426476,275039,64.50%,3943,156984,HomC
OA10_S3.22,1375315,1374318,942101,68.60%,3905,266370,ProC
OA10_S3.23,62760,61482,17524,28.50%,1754,9969,
OA10_S3.24,654171,653590,408514,62.50%,4010,185622,ProC
OA10_S3.25,1423291,1421901,851693,59.90%,4043,307480,ProC
OA10_S3.26,1053066,1052157,670979,63.80%,3704,234851,ProC
OA10_S3.27,950130,949325,639345,67.30%,3588,208021,ProC
OA10_S3.28,443271,440178,237205,53.90%,2748,88916,RegC
OA10_S3.29,2750836,2749153,1902444,69.20%,5131,474423,preHTC
OA10_S3.30,1122056,1119519,741794,66.30%,3346,310993,ProC
OA10_S3.31,326467,326144,192767,59.10%,2469,62935,ProC
OA10_S3.32,1004799,1004130,672809,67.00%,3662,189621,ProC
OA10_S4.1,317507,317269,216257,68.20%,2460,53564,preHTC
OA10_S4.2,1534220,1532070,940377,61.40%,3955,324164,preHTC
OA10_S4.3,1310142,1308803,863632,66.00%,4638,307211,ProC
OA10_S4.4,2770045,2767403,1928777,69.70%,6010,626759,ProC
OA10_S4.5,758544,756153,474313,62.70%,4078,156687,ProC
OA10_S4.6,2197441,2195210,1538806,70.10%,5611,396788,preHTC
OA10_S4.7,3857532,3854643,2739079,71.10%,6991,892473,preHTC
OA10_S4.8,1046984,1045669,700040,66.90%,4444,258254,ProC
OA10_S4.9,205339,204954,122542,59.80%,3869,60253,ProC
OA10_S4.10,822798,821431,496761,60.50%,3417,174554,ProC
OA10_S4.11,1285768,1284576,860715,67.00%,4926,265440,ProC
OA10_S4.12,902307,888865,551310,62.00%,5360,228974,ProC
OA10_S4.13,1327102,1325233,921144,69.50%,4915,366407,ProC
OA10_S4.14,871029,869965,575387,66.10%,5278,295967,ProC
OA10_S4.15,1493746,1492435,996287,66.80%,4146,325743,ProC
OA10_S4.16,2744294,2742072,1918400,70.00%,6395,625300,preHTC
OA10_S4.17,2144145,2140728,1369409,64.00%,5573,384836,ProC
OA10_S4.18,546610,545793,322782,59.10%,4122,164303,ProC
OA10_S4.19,1467063,1465589,900134,61.40%,4854,383852,ProC
OA10_S4.20,1693153,1691666,1060713,62.70%,4885,315694,ProC
OA10_S4.21,374793,374323,239643,64.00%,3225,88893,ProC
OA10_S4.22,2012572,2010780,1363732,67.80%,4857,450886,ProC
OA10_S4.23,1265656,1263292,860097,68.10%,5298,299434,ProC
OA10_S4.24,261992,261660,168961,64.60%,3312,77374,ProC
OA10_S4.25,1242769,1241693,767930,61.80%,3780,351346,preHTC
OA10_S4.26,244660,242960,142240,58.50%,3314,89326,ProC
OA10_S4.27,1173374,1172401,759107,64.70%,4915,260706,ProC
OA10_S4.28,3371904,3368092,1555055,46.20%,6803,448112,ProC
OA10_S4.29,862170,860891,588065,68.30%,6381,335911,preHTC
OA10_S4.30,1612505,1609716,1058752,65.80%,4967,464952,preHTC
OA10_S4.31,1006772,1005253,608999,60.60%,4829,270400,ProC
OA10_S4.32,1604402,1602607,992847,62.00%,4887,477195,ProC